Project_ID,Construction_Year,City,Plot_Area_sqft,Builtup_Area_sqft,Number_of_Floors,House_Type,Construction_Quality,Bedroom_Count,Bathroom_Count,Hall_Count,Kitchen_Count,Foundation_Type,Steel_Quantity_kg,Cement_Bags,Sand_Quantity_m3,Aggregate_Quantity_m3,Brick_Quantity,Electrical_Points,Plumbing_Points,Mason_Labour_Days,Carpenter_Labour_Days,Electrician_Labour_Days,Plumber_Labour_Days,Cement_Rate_per_Bag,Steel_Rate_per_kg,Sand_Rate_per_m3,Brick_Rate_per_1000,Material_Cost,Labour_Cost,Total_Estimated_Cost
1,2013,Madurai,2657,2126,1,Residential,Economy,4,4,1,1,RCC,9567,701,31.89,25.51,17008,32,24,85,53,26,23,387,59,1376,10552,7328747.2,2955140.0,11820560.0
2,2011,Tiruppur,3140,2512,1,Residential,Economy,2,2,1,1,RCC,11304,828,37.68,30.14,20096,40,15,100,62,31,27,440,78,2393,7506,11743097.6,4735120.0,18940480.0
3,2019,Salem,3030,2424,1,Residential,Economy,2,2,1,1,RCC,10908,799,36.36,29.09,19392,43,25,96,60,30,26,375,76,1831,11589,8897049.6,3587520.0,14350080.0
4,2013,Trichy,1925,1540,1,Residential,Standard,5,4,1,1,RCC,6930,508,23.1,18.48,12320,33,26,61,38,19,17,367,77,1621,11066,8226556.8,3317160.0,13268640.0
5,2021,Madurai,3721,2977,2,Residential,Luxury,3,3,1,1,RCC,13396,982,44.66,35.72,23816,56,13,119,74,37,33,449,82,1699,7670,25648403.04,10342098.0,41368392.0
6,2019,Trichy,2536,2029,3,Residential,Premium,4,4,1,1,RCC,9130,669,30.43,24.35,16232,34,11,81,50,25,22,425,71,1537,9802,14081828.12,5678156.5,22712626.0
7,2020,Madurai,1777,1422,2,Residential,Economy,4,4,1,1,RCC,6399,469,21.33,17.06,11376,69,27,56,35,17,15,423,76,2134,7563,4901918.4,1976580.0,7906320.0
8,2019,Erode,1478,1183,2,Residential,Economy,4,4,1,1,RCC,5323,390,17.75,14.2,9464,82,17,47,29,14,13,451,70,2569,9842,3946014.8,1591135.0,6364540.0
9,2025,Chennai,1115,892,2,Residential,Standard,3,3,1,1,RCC,4014,294,13.38,10.7,7136,52,17,35,22,11,9,376,81,1707,10259,3809339.52,1536024.0,6144096.0
10,2022,Trichy,3001,2401,2,Residential,Standard,1,1,1,1,RCC,10804,792,36.02,28.81,19208,60,12,96,60,30,26,464,71,2326,9280,13790575.68,5560716.0,22242864.0
11,2012,Coimbatore,3126,2501,2,Residential,Standard,4,4,1,1,RCC,11254,825,37.52,30.01,20008,44,15,100,62,31,27,444,65,1224,10972,11015604.48,4441776.0,17767104.0
12,2023,Trichy,1932,1546,2,Residential,Economy,3,3,1,1,RCC,6957,510,23.19,18.55,12368,72,27,61,38,19,17,432,68,1457,11222,5674438.4,2288080.0,9152320.0
13,2022,Salem,1276,1021,2,Residential,Luxury,5,4,1,1,RCC,4594,336,15.31,12.25,8168,38,23,40,25,12,11,441,70,1327,8561,8386248.96,3381552.0,13526208.0
14,2020,Trichy,1343,1075,1,Residential,Standard,4,4,1,1,RCC,4837,354,16.12,12.9,8600,31,11,43,26,13,11,360,76,1509,11395,4590852.0,1851150.0,7404600.0
15,2016,Trichy,1518,1215,2,Residential,Economy,5,4,1,1,RCC,5467,400,18.22,14.58,9720,73,12,48,30,15,13,441,66,1911,11933,4188348.0,1688850.0,6755400.0
16,2024,Salem,2863,2291,2,Residential,Economy,1,1,1,1,RCC,10309,756,34.37,27.49,18328,86,17,91,57,28,25,370,62,1409,9806,11221318.0,4524725.0,18098900.0
17,2026,Madurai,2355,1884,2,Residential,Economy,2,2,1,1,RCC,8478,621,28.26,22.61,15072,43,30,75,47,23,20,429,58,2281,9441,7335542.4,2957880.0,11831520.0
18,2021,Tiruppur,1465,1172,3,Residential,Premium,3,3,1,1,RCC,5274,386,17.58,14.06,9376,53,25,46,29,14,13,429,82,2229,9700,6427130.8,2591585.0,10366340.0
19,2017,Coimbatore,2141,1713,3,Residential,Standard,2,2,1,1,RCC,7708,565,25.7,20.56,13704,88,19,68,42,21,19,453,58,1257,9288,9380113.92,3782304.0,15129216.0
20,2021,Madurai,3417,2734,2,Residential,Premium,2,2,1,1,RCC,12303,902,41.01,32.81,21872,35,15,109,68,34,30,373,65,2162,8611,18974725.52,7651099.0,30604396.0
21,2021,Tiruppur,2728,2183,1,Residential,Economy,4,4,1,1,RCC,9823,720,32.74,26.2,17464,35,29,87,54,27,24,375,70,1608,10916,10692334.0,4311425.0,17245700.0
22,2024,Salem,1913,1531,2,Residential,Economy,3,3,1,1,RCC,6889,505,22.96,18.37,12248,35,13,61,38,19,17,381,62,1256,8238,6986259.2,2817040.0,11268160.0
23,2014,Trichy,3382,2706,3,Residential,Luxury,2,2,1,1,RCC,12177,892,40.59,32.47,21648,41,8,108,67,33,30,361,81,2530,7841,21682853.28,8743086.0,34972344.0
24,2016,Chennai,3695,2956,3,Residential,Luxury,2,2,1,1,RCC,13302,975,44.34,35.47,23648,57,14,118,73,36,32,397,74,1692,11804,20717066.88,8353656.0,33414624.0
25,2011,Erode,2668,2135,2,Residential,Luxury,5,4,1,1,RCC,9607,704,32.02,25.62,17080,70,22,85,53,26,23,444,76,2258,10445,14105347.2,5687640.0,22750560.0
26,2026,Chennai,3567,2854,1,Residential,Standard,5,4,1,1,RCC,12843,941,42.81,34.25,22832,81,13,114,71,35,31,437,58,1506,8411,17156878.08,6918096.0,27672384.0
27,2020,Erode,1723,1379,2,Residential,Economy,5,4,1,1,RCC,6205,455,20.68,16.55,11032,86,11,55,34,17,15,431,59,1708,8567,4599792.4,1854755.0,7419020.0
28,2012,Salem,2417,1934,1,Residential,Luxury,1,1,1,1,RCC,8703,638,29.01,23.21,15472,66,27,77,48,24,21,424,77,2248,8633,11223388.8,4525560.0,18102240.0
29,2017,Erode,2418,1935,2,Residential,Luxury,5,4,1,1,RCC,8707,638,29.02,23.22,15480,58,25,77,48,24,21,385,72,1480,10413,17448436.8,7035660.0,28142640.0
30,2017,Salem,1622,1298,2,Residential,Premium,4,4,1,1,RCC,5841,428,19.47,15.58,10384,34,14,51,32,16,14,445,67,1450,8265,6487975.12,2616119.0,10464476.0
31,2017,Erode,2873,2299,1,Residential,Standard,3,3,1,1,RCC,10345,758,34.48,27.59,18392,37,20,91,57,28,25,422,63,2567,8832,13204720.32,5324484.0,21297936.0
32,2023,Coimbatore,1826,1461,3,Residential,Luxury,4,4,1,1,RCC,6574,482,21.91,17.53,11688,70,18,58,36,18,16,371,81,1949,7159,11413332.0,4602150.0,18408600.0
33,2022,Madurai,2730,2184,3,Residential,Luxury,4,4,1,1,RCC,9828,720,32.76,26.21,17472,62,24,87,54,27,24,368,61,1668,7858,12674188.8,5110560.0,20442240.0
34,2018,Tiruppur,1430,1144,2,Residential,Economy,3,3,1,1,RCC,5148,377,17.16,13.73,9152,41,21,45,28,14,12,468,79,1729,10325,4326608.0,1744600.0,6978400.0
35,2012,Madurai,1763,1411,3,Residential,Luxury,5,4,1,1,RCC,6349,465,21.16,16.93,11288,32,30,56,35,17,15,383,71,1348,9203,11022732.0,4444650.0,17778600.0
36,2017,Chennai,1085,868,3,Residential,Premium,1,1,1,1,RCC,3906,286,13.02,10.42,6944,58,11,34,21,10,9,418,58,1894,11530,4338645.92,1749454.0,6997816.0
37,2026,Erode,3138,2511,2,Residential,Standard,5,4,1,1,RCC,11299,828,37.66,30.13,20088,55,11,100,62,31,27,380,66,1303,8483,10050829.92,4052754.0,16211016.0
38,2024,Trichy,2032,1626,2,Residential,Standard,3,3,1,1,RCC,7317,536,24.39,19.51,13008,47,16,65,40,20,18,404,58,1712,7302,8250454.08,3326796.0,13307184.0
39,2025,Coimbatore,1077,862,1,Residential,Standard,5,4,1,1,RCC,3879,284,12.93,10.34,6896,82,11,34,21,10,9,444,78,2085,11055,5181930.24,2089488.0,8357952.0
40,2020,Coimbatore,3012,2410,3,Residential,Standard,3,3,1,1,RCC,10845,795,36.15,28.92,19280,42,20,96,60,30,26,404,59,1465,7116,11583038.4,4670580.0,18682320.0
41,2011,Chennai,1361,1089,3,Residential,Luxury,3,3,1,1,RCC,4900,359,16.34,13.07,8712,73,24,43,27,13,12,445,67,2426,8984,7413476.4,2989305.0,11957220.0
42,2018,Salem,2500,2000,1,Residential,Standard,4,4,1,1,RCC,9000,660,30.0,24.0,16000,25,16,80,50,25,22,406,68,2320,9650,9076800.0,3660000.0,14640000.0
43,2015,Chennai,2251,1801,1,Residential,Standard,3,3,1,1,RCC,8104,594,27.02,21.61,14408,67,20,72,45,22,20,370,73,1771,11118,9620797.92,3879354.0,15517416.0
44,2018,Tiruppur,2028,1623,1,Residential,Economy,5,4,1,1,RCC,7303,535,24.34,19.48,12984,36,12,64,40,20,18,411,76,1285,10227,5594805.6,2255970.0,9023880.0
45,2026,Tiruppur,1115,892,2,Residential,Standard,3,3,1,1,RCC,4014,294,13.38,10.7,7136,44,29,35,22,11,9,451,77,1997,9671,3689882.88,1487856.0,5951424.0
46,2026,Erode,3530,2824,1,Residential,Standard,3,3,1,1,RCC,12708,931,42.36,33.89,22592,79,30,112,70,35,31,463,74,1485,11290,11303681.28,4557936.0,18231744.0
47,2010,Chennai,3581,2865,3,Residential,Standard,1,1,1,1,RCC,12892,945,42.98,34.38,22920,42,28,114,71,35,31,406,61,1971,10697,11851473.6,4778820.0,19115280.0
48,2018,Chennai,1258,1007,3,Residential,Standard,1,1,1,1,RCC,4531,332,15.1,12.08,8056,83,10,40,25,12,11,455,74,2296,7753,5918743.2,2386590.0,9546360.0
49,2018,Coimbatore,3692,2954,1,Residential,Premium,4,4,1,1,RCC,13293,974,44.31,35.45,23632,51,15,118,73,36,32,454,78,2142,11046,14765391.76,5953787.0,23815148.0
50,2016,Chennai,2957,2366,1,Residential,Premium,4,4,1,1,RCC,10647,780,35.49,28.39,18928,43,18,94,59,29,26,392,78,1823,11651,11443442.92,4614291.5,18457166.0
51,2018,Erode,1682,1346,1,Residential,Economy,4,4,1,1,RCC,6057,444,20.19,16.15,10768,37,30,53,33,16,14,387,79,2202,9382,6592708.0,2658350.0,10633400.0
52,2013,Trichy,3643,2915,2,Residential,Luxury,4,4,1,1,RCC,13117,961,43.73,34.98,23320,50,17,116,72,36,32,370,73,1235,9372,25114240.8,10126710.0,40506840.0
53,2022,Coimbatore,3348,2679,1,Residential,Luxury,5,4,1,1,RCC,12055,884,40.18,32.15,21432,51,10,107,66,33,29,434,60,1490,11293,19852032.96,8004852.0,32019408.0
54,2021,Coimbatore,2340,1872,2,Residential,Premium,2,2,1,1,RCC,8424,617,28.08,22.46,14976,88,23,74,46,23,20,410,58,1525,7029,9660006.72,3895164.0,15580656.0
55,2014,Salem,3516,2813,3,Residential,Luxury,4,4,1,1,RCC,12658,928,42.2,33.76,22504,69,20,112,70,35,31,400,61,1878,7014,21410080.56,8633097.0,34532388.0
56,2010,Erode,2661,2129,2,Residential,Economy,4,4,1,1,RCC,9580,702,31.93,25.55,17032,62,16,85,53,26,23,407,60,2004,10196,8289474.4,3342530.0,13370120.0
57,2018,Chennai,1390,1112,2,Residential,Premium,4,4,1,1,RCC,5004,366,16.68,13.34,8896,31,29,44,27,13,12,396,78,1504,9042,5378321.44,2168678.0,8674712.0
58,2021,Tiruppur,2360,1888,2,Residential,Premium,5,4,1,1,RCC,8496,623,28.32,22.66,15104,79,8,75,47,23,20,463,82,2492,10277,10659119.36,4298032.0,17192128.0
59,2024,Trichy,2041,1633,3,Residential,Economy,1,1,1,1,RCC,7348,538,24.49,19.6,13064,42,28,65,40,20,18,396,73,1300,11506,7633948.4,3078205.0,12312820.0
60,2019,Madurai,1651,1321,1,Residential,Luxury,4,4,1,1,RCC,5944,435,19.81,15.85,10568,57,28,52,33,16,14,393,70,2543,8955,10319652.0,4161150.0,16644600.0
61,2015,Erode,2540,2032,2,Residential,Luxury,5,4,1,1,RCC,9144,670,30.48,24.38,16256,45,10,81,50,25,22,386,74,2218,11508,13016666.88,5248656.0,20994624.0
62,2014,Trichy,2126,1701,2,Residential,Luxury,3,3,1,1,RCC,7654,561,25.52,20.41,13608,49,15,68,42,21,18,371,63,1900,11553,14313302.64,5771493.0,23085972.0
63,2016,Chennai,1466,1173,2,Residential,Premium,2,2,1,1,RCC,5278,387,17.59,14.08,9384,77,20,46,29,14,13,412,81,2273,8720,7002059.28,2823411.0,11293644.0
64,2018,Trichy,2928,2343,2,Residential,Economy,3,3,1,1,RCC,10543,773,35.14,28.12,18744,71,12,93,58,29,26,447,74,2283,8769,11476014.0,4627425.0,18509700.0
65,2024,Salem,1473,1179,2,Residential,Luxury,2,2,1,1,RCC,5305,389,17.68,14.15,9432,64,8,47,29,14,13,376,59,2070,10877,9684023.04,3904848.0,15619392.0
66,2024,Salem,3507,2806,1,Residential,Luxury,1,1,1,1,RCC,12627,925,42.09,33.67,22448,56,11,112,70,35,31,388,62,1511,11279,25302487.68,10202616.0,40810464.0
67,2010,Tiruppur,1557,1246,3,Residential,Economy,4,4,1,1,RCC,5607,411,18.69,14.95,9968,41,15,49,31,15,13,432,59,2521,9488,4156157.6,1675870.0,6703480.0
68,2013,Chennai,1655,1324,3,Residential,Luxury,3,3,1,1,RCC,5958,436,19.86,15.89,10592,63,24,52,33,16,14,434,64,1994,9137,8481332.16,3419892.0,13679568.0
69,2024,Madurai,2143,1715,3,Residential,Economy,1,1,1,1,RCC,7717,565,25.72,20.58,13720,65,28,68,42,21,19,467,65,2173,11311,7251706.0,2924075.0,11696300.0
70,2019,Chennai,2201,1761,3,Residential,Economy,2,2,1,1,RCC,7924,581,26.41,21.13,14088,27,14,70,44,22,19,423,79,2525,10440,8232322.8,3319485.0,13277940.0
71,2017,Salem,1415,1132,2,Residential,Luxury,2,2,1,1,RCC,5094,373,16.98,13.58,9056,29,30,45,28,14,12,403,80,2061,9968,9070580.16,3657492.0,14629968.0
72,2012,Coimbatore,3028,2423,1,Residential,Premium,1,1,1,1,RCC,10903,799,36.34,29.08,19384,88,14,96,60,30,26,399,82,1597,8890,17600478.16,7096967.0,28387868.0
73,2025,Trichy,3381,2705,1,Residential,Premium,3,3,1,1,RCC,12172,892,40.57,32.46,21640,48,15,108,67,33,30,422,71,2562,7462,13958503.3,5628428.75,22513715.0
74,2014,Salem,1748,1399,2,Residential,Standard,1,1,1,1,RCC,6295,461,20.98,16.79,11192,31,30,55,34,17,15,367,63,2005,10683,5412451.2,2182440.0,8729760.0
75,2020,Coimbatore,2607,2086,3,Residential,Economy,1,1,1,1,RCC,9387,688,31.29,25.03,16688,48,28,83,52,26,23,427,81,2157,7261,7889252.0,3181150.0,12724600.0
76,2024,Coimbatore,2596,2077,3,Residential,Premium,4,4,1,1,RCC,9346,685,31.15,24.92,16616,38,8,83,51,25,23,370,66,1365,9879,13070561.0,5270387.5,21081550.0
77,2021,Tiruppur,3151,2521,1,Residential,Standard,5,4,1,1,RCC,11344,831,37.81,30.25,20168,64,21,100,63,31,28,371,59,2169,8603,13804592.64,5566368.0,22265472.0
78,2021,Erode,2907,2326,3,Residential,Standard,4,4,1,1,RCC,10467,767,34.89,27.91,18608,85,8,93,58,29,25,440,71,1707,10315,12113808.0,4884600.0,19538400.0
79,2011,Madurai,1207,966,2,Residential,Luxury,1,1,1,1,RCC,4347,318,14.49,11.59,7728,49,10,38,24,12,10,437,68,1943,9230,5993991.36,2416932.0,9667728.0
80,2018,Madurai,2715,2172,3,Residential,Premium,1,1,1,1,RCC,9774,716,32.58,26.06,17376,25,27,86,54,27,24,463,78,1333,7198,13668396.0,5511450.0,22045800.0
81,2018,Salem,2196,1757,1,Residential,Luxury,4,4,1,1,RCC,7906,579,26.36,21.08,14056,88,12,70,43,21,19,423,63,1217,9484,14431576.32,5819184.0,23276736.0
82,2024,Madurai,1773,1419,3,Residential,Premium,2,2,1,1,RCC,6385,468,21.29,17.03,11352,35,24,56,35,17,15,385,70,1527,9025,8929767.0,3600712.5,14402850.0
83,2015,Salem,3087,2470,1,Residential,Luxury,1,1,1,1,RCC,11115,815,37.05,29.64,19760,38,10,98,61,30,27,393,77,1372,8706,19295640.0,7780500.0,31122000.0
84,2017,Coimbatore,1492,1194,2,Residential,Luxury,4,4,1,1,RCC,5373,394,17.91,14.33,9552,78,22,47,29,14,13,439,79,1681,11411,8128274.4,3277530.0,13110120.0
85,2021,Madurai,1620,1296,2,Residential,Premium,3,3,1,1,RCC,5832,427,19.44,15.55,10368,58,14,51,32,16,14,416,65,1580,9009,7736290.56,3119472.0,12477888.0
86,2012,Salem,2205,1764,1,Residential,Standard,3,3,1,1,RCC,7938,582,26.46,21.17,14112,57,15,70,44,22,19,424,74,1673,7823,9186912.0,3704400.0,14817600.0
87,2017,Tiruppur,3375,2700,1,Residential,Economy,1,1,1,1,RCC,12150,891,40.5,32.4,21600,82,19,108,67,33,30,365,67,1676,7976,13224600.0,5332500.0,21330000.0
88,2021,Trichy,1257,1006,1,Residential,Standard,5,4,1,1,RCC,4527,331,15.09,12.07,8048,47,22,40,25,12,11,437,66,2561,7051,4161459.84,1678008.0,6712032.0
89,2011,Madurai,1541,1233,3,Residential,Premium,5,4,1,1,RCC,5548,406,18.5,14.8,9864,68,12,49,30,15,13,365,64,1722,7313,6961172.76,2806924.5,11227698.0
90,2015,Trichy,2041,1633,1,Residential,Luxury,3,3,1,1,RCC,7348,538,24.49,19.6,13064,64,10,65,40,20,18,386,59,2215,11489,13085033.04,5276223.0,21104892.0
91,2014,Erode,3475,2780,1,Residential,Economy,4,4,1,1,RCC,12510,917,41.7,33.36,22240,36,28,111,69,34,30,380,70,1755,10356,12685696.0,5115200.0,20460800.0
92,2019,Erode,2450,1960,3,Residential,Luxury,3,3,1,1,RCC,8820,646,29.4,23.52,15680,70,21,78,49,24,21,413,58,1945,8615,11767996.8,4745160.0,18980640.0
93,2023,Coimbatore,3000,2400,3,Residential,Standard,4,4,1,1,RCC,10800,792,36.0,28.8,19200,79,11,96,60,30,26,465,60,2031,11733,9285120.0,3744000.0,14976000.0
94,2011,Trichy,2866,2293,2,Residential,Standard,2,2,1,1,RCC,10318,756,34.39,27.52,18344,43,28,91,57,28,25,463,70,1382,11692,8871158.4,3577080.0,14308320.0
95,2021,Madurai,2897,2318,3,Residential,Standard,5,4,1,1,RCC,10431,764,34.77,27.82,18544,45,24,92,57,28,25,381,60,1422,10143,10209584.64,4116768.0,16467072.0
96,2025,Madurai,3511,2809,1,Residential,Standard,3,3,1,1,RCC,12640,926,42.13,33.71,22472,31,27,112,70,35,31,441,70,1376,8312,11243640.48,4533726.0,18134904.0
97,2015,Trichy,2136,1709,3,Residential,Standard,4,4,1,1,RCC,7690,563,25.63,20.51,13672,52,9,68,42,21,18,411,74,1520,10142,10044818.4,4050330.0,16201320.0
98,2011,Trichy,2838,2271,1,Residential,Standard,2,2,1,1,RCC,10219,749,34.06,27.25,18168,29,29,90,56,28,25,467,68,1441,10193,10610838.72,4278564.0,17114256.0
99,2017,Salem,3332,2666,3,Residential,Luxury,3,3,1,1,RCC,11997,879,39.99,31.99,21328,74,29,106,66,33,29,407,72,2231,10590,20291245.92,8181954.0,32727816.0
100,2017,Salem,1915,1532,1,Residential,Luxury,1,1,1,1,RCC,6894,505,22.98,18.38,12256,83,13,61,38,19,17,463,73,2019,7877,13198976.64,5322168.0,21288672.0
101,2012,Tiruppur,1342,1074,1,Residential,Luxury,3,3,1,1,RCC,4833,354,16.11,12.89,8592,81,24,42,26,13,11,425,79,1283,7333,8605833.12,3470094.0,13880376.0
102,2026,Salem,1666,1333,1,Residential,Economy,3,3,1,1,RCC,5998,439,20.0,16.0,10664,42,8,53,33,16,14,469,60,2457,7897,4446354.8,1792885.0,7171540.0
103,2017,Chennai,1991,1593,1,Residential,Premium,4,4,1,1,RCC,7168,525,23.89,19.12,12744,69,27,63,39,19,17,456,66,1525,9652,8735852.7,3522521.25,14090085.0
104,2025,Coimbatore,2407,1926,2,Residential,Premium,2,2,1,1,RCC,8667,635,28.89,23.11,15408,58,27,77,48,24,21,424,65,1853,10049,13990309.92,5641254.0,22565016.0
105,2018,Erode,1187,950,1,Residential,Luxury,2,2,1,1,RCC,4275,313,14.25,11.4,7600,66,20,38,23,11,10,381,66,1435,11347,6467220.0,2607750.0,10431000.0
106,2013,Madurai,1247,998,3,Residential,Luxury,3,3,1,1,RCC,4491,329,14.97,11.98,7984,75,19,39,24,12,11,393,70,1955,11729,8999245.44,3628728.0,14514912.0
107,2017,Coimbatore,1747,1398,2,Residential,Economy,3,3,1,1,RCC,6291,461,20.97,16.78,11184,31,17,55,34,17,15,464,74,1719,9540,6691387.2,2698140.0,10792560.0
108,2014,Madurai,2600,2080,3,Residential,Economy,1,1,1,1,RCC,9360,686,31.2,24.96,16640,80,21,83,52,26,23,425,69,1297,8081,8330816.0,3359200.0,13436800.0
109,2011,Chennai,3500,2800,1,Residential,Economy,5,4,1,1,RCC,12600,924,42.0,33.6,22400,70,17,112,70,35,31,373,74,1931,11375,9027200.0,3640000.0,14560000.0
110,2016,Madurai,2147,1718,2,Residential,Premium,5,4,1,1,RCC,7731,566,25.77,20.62,13744,85,13,68,42,21,19,377,58,1698,8223,9143333.44,3686828.0,14747312.0
111,2022,Tiruppur,3307,2646,1,Residential,Standard,1,1,1,1,RCC,11907,873,39.69,31.75,21168,58,8,105,66,33,29,367,78,2351,9869,13071663.36,5270832.0,21083328.0
112,2015,Chennai,3271,2617,3,Residential,Luxury,5,4,1,1,RCC,11776,863,39.25,31.4,20936,30,9,104,65,32,29,428,58,2031,8520,18866895.12,7607619.0,30430476.0
113,2016,Coimbatore,2216,1773,1,Residential,Economy,1,1,1,1,RCC,7978,585,26.59,21.28,14184,77,14,70,44,22,19,426,77,2516,11152,5716152.0,2304900.0,9219600.0
114,2019,Erode,3125,2500,3,Residential,Premium,2,2,1,1,RCC,11250,825,37.5,30.0,20000,31,23,100,62,31,27,451,75,1213,10073,12496100.0,5038750.0,20155000.0
115,2015,Coimbatore,3235,2588,3,Residential,Economy,4,4,1,1,RCC,11646,854,38.82,31.06,20704,38,16,103,64,32,28,389,78,1279,8009,12387203.2,4994840.0,19979360.0
116,2023,Erode,2717,2174,3,Residential,Economy,3,3,1,1,RCC,9783,717,32.61,26.09,17392,58,17,86,54,27,24,442,64,1374,11156,8949923.2,3608840.0,14435360.0
117,2015,Erode,1077,862,1,Residential,Standard,3,3,1,1,RCC,3879,284,12.93,10.34,6896,66,14,34,21,10,9,409,68,2431,8959,4027539.84,1624008.0,6496032.0
118,2026,Erode,2942,2354,3,Residential,Luxury,5,4,1,1,RCC,10593,776,35.31,28.25,18832,25,8,94,58,29,26,415,81,1678,11672,20753805.6,8368470.0,33473880.0
119,2014,Chennai,2575,2060,1,Residential,Economy,4,4,1,1,RCC,9270,679,30.9,24.72,16480,28,11,82,51,25,22,373,77,1531,9825,7790920.0,3141500.0,12566000.0
120,2014,Erode,1725,1380,3,Residential,Economy,1,1,1,1,RCC,6210,455,20.7,16.56,11040,30,30,55,34,17,15,368,81,1295,7538,4603128.0,1856100.0,7424400.0
121,2013,Coimbatore,2860,2288,1,Residential,Economy,5,4,1,1,RCC,10296,755,34.32,27.46,18304,51,14,91,57,28,25,374,59,1270,7716,10440601.6,4209920.0,16839680.0
122,2016,Madurai,2471,1977,2,Residential,Standard,1,1,1,1,RCC,8896,652,29.65,23.72,15816,65,18,79,49,24,21,414,66,1242,9874,8442897.12,3404394.0,13617576.0
123,2026,Salem,2313,1851,2,Residential,Premium,1,1,1,1,RCC,8329,610,27.77,22.21,14808,61,27,74,46,23,20,455,58,2045,7255,11648343.0,4696912.5,18787650.0
124,2011,Trichy,3233,2587,3,Residential,Premium,1,1,1,1,RCC,11641,853,38.8,31.04,20696,52,30,103,64,32,28,470,60,2376,9352,18373132.7,7408521.25,29634085.0
125,2011,Chennai,1871,1497,2,Residential,Standard,1,1,1,1,RCC,6736,494,22.45,17.96,11976,69,23,59,37,18,16,372,73,1577,11051,7595897.76,3062862.0,12251448.0
126,2016,Erode,2777,2222,3,Residential,Standard,3,3,1,1,RCC,9999,733,33.33,26.66,17776,54,23,88,55,27,24,381,61,2503,7662,11274605.76,4546212.0,18184848.0
127,2021,Chennai,3510,2808,3,Residential,Economy,5,4,1,1,RCC,12636,926,42.12,33.7,22464,76,20,112,70,35,31,455,60,2064,7206,12186720.0,4914000.0,19656000.0
128,2026,Coimbatore,2903,2323,1,Residential,Premium,3,3,1,1,RCC,10453,766,34.84,27.88,18584,73,28,92,58,29,25,389,72,1459,11354,15746362.58,6349339.75,25397359.0
129,2014,Tiruppur,1172,938,2,Residential,Premium,5,4,1,1,RCC,4221,309,14.07,11.26,7504,82,29,37,23,11,10,430,81,1862,8388,6813556.96,2747402.0,10989608.0
130,2020,Salem,3371,2697,2,Residential,Standard,3,3,1,1,RCC,12136,890,40.45,32.36,21576,55,24,107,67,33,29,384,66,1817,8266,11878882.56,4789872.0,19159488.0
131,2017,Madurai,1797,1438,1,Residential,Premium,3,3,1,1,RCC,6471,474,21.57,17.26,11504,49,16,57,35,17,15,453,61,1537,7832,7885848.2,3179777.5,12719110.0
132,2019,Salem,2000,1600,2,Residential,Standard,2,2,1,1,RCC,7200,528,24.0,19.2,12800,60,14,64,40,20,17,373,78,1418,9300,8118528.0,3273600.0,13094400.0
133,2022,Tiruppur,2056,1645,2,Residential,Economy,4,4,1,1,RCC,7402,542,24.68,19.74,13160,80,30,65,41,20,18,388,74,2495,9426,5303480.0,2138500.0,8554000.0
134,2010,Erode,3371,2697,1,Residential,Premium,2,2,1,1,RCC,12136,890,40.45,32.36,21576,56,21,107,67,33,29,449,76,2403,10450,17845078.08,7195596.0,28782384.0
135,2013,Salem,2170,1736,3,Residential,Standard,5,4,1,1,RCC,7812,572,26.04,20.83,13888,80,18,69,43,21,19,393,78,1400,10437,7878662.4,3176880.0,12707520.0
136,2025,Salem,2240,1792,2,Residential,Premium,2,2,1,1,RCC,8064,591,26.88,21.5,14336,27,27,71,44,22,19,469,71,2261,8499,12147000.32,4897984.0,19591936.0
137,2011,Madurai,2678,2143,1,Residential,Luxury,4,4,1,1,RCC,9643,707,32.14,25.72,17144,52,13,85,53,26,23,451,64,2263,9852,13727715.12,5535369.0,22141476.0
138,2026,Chennai,1517,1214,3,Residential,Standard,4,4,1,1,RCC,5463,400,18.21,14.57,9712,72,24,48,30,15,13,403,71,2135,8721,7135406.4,2877180.0,11508720.0
139,2011,Madurai,1940,1552,2,Residential,Economy,5,4,1,1,RCC,6984,512,23.28,18.62,12416,60,20,62,38,19,17,411,59,1227,7615,6908883.2,2785840.0,11143360.0
140,2017,Madurai,3142,2514,2,Residential,Premium,3,3,1,1,RCC,11313,829,37.71,30.17,20112,76,24,100,62,31,27,388,70,2146,8736,12972893.64,5231005.5,20924022.0
141,2017,Tiruppur,1841,1473,1,Residential,Standard,1,1,1,1,RCC,6628,486,22.09,17.68,11784,43,19,58,36,18,16,445,78,2046,10834,8657704.8,3491010.0,13964040.0
142,2017,Madurai,2506,2005,3,Residential,Luxury,2,2,1,1,RCC,9022,661,30.07,24.06,16040,73,29,80,50,25,22,392,71,2590,8522,16065824.4,6478155.0,25912620.0
143,2019,Madurai,3465,2772,1,Residential,Premium,3,3,1,1,RCC,12474,914,41.58,33.26,22176,86,23,110,69,34,30,414,77,2505,7699,16098500.88,6491331.0,25965324.0
144,2012,Tiruppur,2855,2284,1,Residential,Luxury,3,3,1,1,RCC,10278,753,34.26,27.41,18272,66,12,91,57,28,25,427,69,2496,11771,13713318.72,5529564.0,22118256.0
145,2019,Madurai,1076,861,3,Residential,Standard,1,1,1,1,RCC,3874,284,12.91,10.33,6888,37,26,34,21,10,9,378,65,1580,10702,3561647.04,1436148.0,5744592.0
146,2012,Erode,2773,2219,1,Residential,Luxury,2,2,1,1,RCC,9985,732,33.28,26.63,17752,63,14,88,55,27,24,423,80,1636,11348,15106064.4,6091155.0,24364620.0
147,2018,Salem,1402,1122,3,Residential,Economy,4,4,1,1,RCC,5049,370,16.83,13.46,8976,54,12,44,28,14,12,420,73,2341,7478,3992973.6,1610070.0,6440280.0
148,2025,Coimbatore,3478,2783,2,Residential,Luxury,2,2,1,1,RCC,12523,918,41.74,33.4,22264,25,13,111,69,34,30,467,68,2158,11608,20063648.88,8090181.0,32360724.0
149,2023,Salem,3547,2838,3,Residential,Luxury,3,3,1,1,RCC,12771,936,42.57,34.06,22704,34,13,113,70,35,31,441,69,2502,7233,22740553.44,9169578.0,36678312.0
150,2026,Salem,1105,884,3,Residential,Premium,1,1,1,1,RCC,3978,291,13.26,10.61,7072,87,12,35,22,11,9,364,64,2051,8039,4561669.84,1839383.0,7357532.0
151,2026,Trichy,2732,2186,1,Residential,Premium,3,3,1,1,RCC,9837,721,32.79,26.23,17488,51,17,87,54,27,24,415,68,2065,9060,15525190.6,6260157.5,25040630.0
152,2022,Madurai,1268,1015,2,Residential,Premium,3,3,1,1,RCC,4567,334,15.22,12.18,8120,89,16,40,25,12,11,424,69,1616,11032,7208631.5,2906706.25,11626825.0
153,2014,Trichy,1603,1283,2,Residential,Premium,2,2,1,1,RCC,5773,423,19.25,15.4,10264,36,9,51,32,16,14,411,81,2335,10326,7866303.94,3171896.75,12687587.0
154,2011,Coimbatore,1253,1003,2,Residential,Economy,3,3,1,1,RCC,4513,330,15.04,12.04,8024,85,27,40,25,12,11,458,79,1323,11102,3233672.0,1303900.0,5215600.0
155,2011,Erode,2925,2340,3,Residential,Economy,2,2,1,1,RCC,10530,772,35.1,28.08,18720,83,28,93,58,29,26,457,63,1407,8485,9111024.0,3673800.0,14695200.0
156,2014,Tiruppur,1188,951,2,Residential,Economy,1,1,1,1,RCC,4279,313,14.26,11.41,7608,64,25,38,23,11,10,450,66,1818,8513,4233471.6,1707045.0,6828180.0
157,2011,Salem,3158,2527,1,Residential,Economy,3,3,1,1,RCC,11371,833,37.91,30.32,20216,30,11,101,63,31,28,459,71,2378,10314,11813219.6,4763395.0,19053580.0
158,2025,Tiruppur,3285,2628,1,Residential,Luxury,1,1,1,1,RCC,11826,867,39.42,31.54,21024,77,25,105,65,32,29,373,60,2519,10868,17362460.16,7000992.0,28003968.0
159,2010,Erode,2086,1669,1,Residential,Luxury,1,1,1,1,RCC,7510,550,25.04,20.03,13352,40,10,66,41,20,18,387,61,1464,10869,9685540.8,3905460.0,15621840.0
160,2015,Chennai,1090,872,2,Residential,Standard,5,4,1,1,RCC,3924,287,13.08,10.46,6976,71,30,34,21,10,9,448,62,1372,9401,5008488.96,2019552.0,8078208.0
161,2010,Chennai,3550,2840,2,Residential,Economy,3,3,1,1,RCC,12780,937,42.6,34.08,22720,26,28,113,71,35,31,447,77,1363,10186,9473104.0,3819800.0,15279200.0
162,2011,Madurai,2592,2074,2,Residential,Standard,5,4,1,1,RCC,9333,684,31.11,24.89,16592,72,26,82,51,25,23,453,72,2162,8363,12190142.4,4915380.0,19661520.0
163,2025,Salem,1741,1393,1,Residential,Standard,3,3,1,1,RCC,6268,459,20.89,16.72,11144,82,16,55,34,17,15,460,82,2360,9735,7814395.68,3150966.0,12603864.0
164,2014,Trichy,2496,1997,2,Residential,Premium,1,1,1,1,RCC,8986,659,29.95,23.96,15976,64,26,79,49,24,22,414,65,1971,10173,9335575.6,3764345.0,15057380.0
165,2010,Madurai,2925,2340,3,Residential,Luxury,2,2,1,1,RCC,10530,772,35.1,28.08,18720,58,16,93,58,29,26,414,63,2401,7346,17810020.8,7181460.0,28725840.0
166,2025,Madurai,2476,1981,1,Residential,Standard,5,4,1,1,RCC,8914,653,29.71,23.77,15848,35,25,79,49,24,22,430,73,1981,8641,9786456.96,3946152.0,15784608.0
167,2024,Erode,2197,1758,2,Residential,Economy,5,4,1,1,RCC,7911,580,26.37,21.1,14064,51,16,70,43,21,19,435,82,1219,10153,8022105.6,3234720.0,12938880.0
168,2017,Salem,3353,2683,3,Residential,Premium,1,1,1,1,RCC,12073,885,40.24,32.2,21464,58,24,107,67,33,29,401,73,2236,11827,13410814.52,5407586.5,21630346.0
169,2015,Tiruppur,2032,1626,1,Residential,Standard,2,2,1,1,RCC,7317,536,24.39,19.51,13008,62,19,65,40,20,18,433,76,1935,10297,6726176.64,2712168.0,10848672.0
170,2021,Tiruppur,3647,2918,1,Residential,Economy,2,2,1,1,RCC,13131,962,43.77,35.02,23344,38,19,116,72,36,32,440,72,1367,8279,14292364.0,5763050.0,23052200.0
171,2026,Trichy,2616,2093,3,Residential,Premium,1,1,1,1,RCC,9418,690,31.39,25.12,16744,27,11,83,52,26,23,364,64,2358,10983,12493870.48,5037851.0,20151404.0
172,2024,Tiruppur,2092,1674,2,Residential,Luxury,3,3,1,1,RCC,7533,552,25.11,20.09,13392,41,16,66,41,20,18,467,59,1893,8646,10723376.16,4323942.0,17295768.0
173,2011,Trichy,1925,1540,2,Residential,Economy,1,1,1,1,RCC,6930,508,23.1,18.48,12320,72,30,61,38,19,17,418,73,1331,11899,5136824.0,2071300.0,8285200.0
174,2017,Erode,3033,2427,1,Residential,Premium,1,1,1,1,RCC,10921,800,36.41,29.12,19416,36,29,97,60,30,26,424,70,1574,10672,15273111.0,6158512.5,24634050.0
175,2011,Madurai,1817,1454,2,Residential,Standard,2,2,1,1,RCC,6543,479,21.81,17.45,11632,70,9,58,36,18,16,430,58,1296,9112,6598833.6,2660820.0,10643280.0
176,2014,Madurai,3627,2902,3,Residential,Economy,4,4,1,1,RCC,13059,957,43.53,34.82,23216,25,14,116,72,36,32,446,81,1811,11831,10327637.6,4164370.0,16657480.0
177,2021,Madurai,3258,2607,3,Residential,Luxury,1,1,1,1,RCC,11731,860,39.1,31.28,20856,74,11,104,65,32,28,407,73,1977,8380,20365884.0,8212050.0,32848200.0
178,2016,Tiruppur,3258,2607,1,Residential,Economy,2,2,1,1,RCC,11731,860,39.1,31.28,20856,29,13,104,65,32,28,466,65,1359,10056,12478144.8,5031510.0,20126040.0
179,2012,Salem,1715,1372,2,Residential,Luxury,1,1,1,1,RCC,6174,452,20.58,16.46,10976,68,18,54,34,17,15,465,65,2177,7947,7961990.4,3210480.0,12841920.0
180,2015,Erode,2873,2299,1,Residential,Standard,3,3,1,1,RCC,10345,758,34.48,27.59,18392,82,25,91,57,28,25,378,72,1505,9182,9202253.28,3710586.0,14842344.0
181,2018,Trichy,3141,2513,2,Residential,Standard,2,2,1,1,RCC,11308,829,37.7,30.16,20104,62,18,100,62,31,27,462,63,1733,11022,9722294.4,3920280.0,15681120.0
182,2014,Trichy,1558,1247,2,Residential,Luxury,4,4,1,1,RCC,5611,411,18.7,14.96,9976,32,28,49,31,15,13,460,79,1632,11587,7988082.48,3221001.0,12884004.0
183,2021,Salem,3443,2755,2,Residential,Premium,1,1,1,1,RCC,12397,909,41.32,33.06,22040,58,15,110,68,34,30,390,61,1999,9370,15553958.6,6271757.5,25087030.0
184,2010,Salem,3127,2502,1,Residential,Premium,1,1,1,1,RCC,11259,825,37.53,30.02,20016,89,18,100,62,31,27,425,62,2107,7015,13315844.16,5369292.0,21477168.0
185,2011,Salem,3695,2956,2,Residential,Premium,2,2,1,1,RCC,13302,975,44.34,35.47,23648,52,16,118,73,36,32,433,63,1482,8475,20037127.76,8079487.0,32317948.0
186,2012,Trichy,3670,2936,1,Residential,Standard,2,2,1,1,RCC,13212,968,44.04,35.23,23488,88,16,117,73,36,32,382,64,1480,8574,12145175.04,4897248.0,19588992.0
187,2023,Tiruppur,2576,2061,1,Residential,Economy,1,1,1,1,RCC,9274,680,30.91,24.73,16488,32,24,82,51,25,22,463,69,1886,9308,10324785.6,4163220.0,16652880.0
188,2014,Tiruppur,3523,2819,1,Residential,Luxury,1,1,1,1,RCC,12685,930,42.28,33.83,22552,59,15,112,70,35,31,383,76,1951,7300,24853431.6,10021545.0,40086180.0
189,2026,Salem,1836,1469,3,Residential,Economy,3,3,1,1,RCC,6610,484,22.04,17.63,11752,34,11,58,36,18,16,405,80,1701,9629,6539400.4,2636855.0,10547420.0
190,2025,Salem,2952,2362,3,Residential,Premium,1,1,1,1,RCC,10629,779,35.43,28.34,18896,90,8,94,59,29,26,427,75,1475,7169,12188534.12,4914731.5,19658926.0
191,2013,Madurai,2246,1797,1,Residential,Standard,2,2,1,1,RCC,8086,593,26.95,21.56,14376,57,25,71,44,22,19,464,58,1239,7790,8155504.8,3288510.0,13154040.0
192,2017,Erode,1998,1599,2,Residential,Luxury,1,1,1,1,RCC,7195,527,23.98,19.19,12792,81,11,63,39,19,17,404,61,1566,7370,14418630.72,5813964.0,23255856.0
193,2018,Chennai,2397,1918,1,Residential,Luxury,4,4,1,1,RCC,8631,632,28.77,23.02,15344,40,11,76,47,23,21,411,62,2309,11848,17295143.04,6973848.0,27895392.0
194,2015,Tiruppur,2163,1731,1,Residential,Luxury,2,2,1,1,RCC,7789,571,25.96,20.77,13848,27,28,69,43,21,19,409,80,2061,11890,14218018.56,5733072.0,22932288.0
195,2020,Salem,3690,2952,1,Residential,Economy,4,4,1,1,RCC,13284,974,44.28,35.42,23616,55,18,118,73,36,32,451,71,2355,9626,13141123.2,5298840.0,21195360.0
196,2014,Erode,3050,2440,3,Residential,Premium,1,1,1,1,RCC,10980,805,36.6,29.28,19520,70,15,97,61,30,27,414,79,2495,7094,17723964.8,7146760.0,28587040.0
197,2020,Salem,2865,2292,1,Residential,Standard,5,4,1,1,RCC,10314,756,34.38,27.5,18336,50,24,91,57,28,25,445,58,1661,8142,9481178.88,3823056.0,15292224.0
198,2011,Tiruppur,3153,2523,2,Residential,Economy,4,4,1,1,RCC,11353,832,37.84,30.28,20184,59,29,100,63,31,28,439,66,2486,11442,8415718.8,3393435.0,13573740.0
199,2026,Chennai,1182,946,3,Residential,Premium,1,1,1,1,RCC,4257,312,14.19,11.35,7568,80,15,37,23,11,10,365,67,1431,9501,4881605.96,1968389.5,7873558.0
200,2026,Madurai,2778,2223,3,Residential,Economy,2,2,1,1,RCC,10003,733,33.34,26.68,17784,35,22,88,55,27,24,435,75,1503,10604,7415038.8,2989935.0,11959740.0
201,2019,Madurai,1633,1307,3,Residential,Premium,2,2,1,1,RCC,5881,431,19.61,15.68,10456,56,10,52,32,16,14,454,75,1788,10720,8859447.22,3572357.75,14289431.0
202,2024,Trichy,2133,1707,3,Residential,Standard,4,4,1,1,RCC,7681,563,25.61,20.48,13656,63,27,68,42,21,18,421,73,1835,7253,9118657.44,3676878.0,14707512.0
203,2022,Trichy,2240,1792,2,Residential,Standard,2,2,1,1,RCC,8064,591,26.88,21.5,14336,75,8,71,44,22,19,405,63,1688,9653,10772643.84,4343808.0,17375232.0
204,2019,Chennai,2666,2133,2,Residential,Premium,3,3,1,1,RCC,9598,703,31.99,25.6,17064,27,13,85,53,26,23,430,60,2440,9850,12042320.76,4855774.5,19423098.0
205,2021,Erode,3252,2602,3,Residential,Luxury,1,1,1,1,RCC,11709,858,39.03,31.22,20816,38,24,104,65,32,28,388,79,1516,10414,22417583.04,9039348.0,36157392.0
206,2018,Tiruppur,2725,2180,3,Residential,Standard,3,3,1,1,RCC,9810,719,32.7,26.16,17440,37,23,87,54,27,24,394,78,2494,8042,10185657.6,4107120.0,16428480.0
207,2025,Salem,3113,2491,1,Residential,Luxury,1,1,1,1,RCC,11209,822,37.37,29.89,19928,44,21,99,62,31,27,468,66,2472,11975,15956947.44,6434253.0,25737012.0
208,2021,Madurai,1567,1254,2,Residential,Luxury,4,4,1,1,RCC,5643,413,18.81,15.05,10032,70,20,50,31,15,13,427,75,2419,10149,9544344.48,3848526.0,15394104.0
209,2019,Coimbatore,2647,2118,1,Residential,Luxury,4,4,1,1,RCC,9531,698,31.77,25.42,16944,63,12,84,52,26,23,415,76,1972,11764,18247671.36,7357932.0,29431728.0
210,2020,Coimbatore,2187,1750,1,Residential,Premium,3,3,1,1,RCC,7875,577,26.25,21.0,14000,79,8,70,43,21,19,363,59,1725,11627,10163195.0,4098062.5,16392250.0
211,2026,Tiruppur,3546,2837,2,Residential,Premium,5,4,1,1,RCC,12766,936,42.55,34.04,22696,80,20,113,70,35,31,419,69,1283,11871,19230491.02,7754230.25,31016921.0
212,2017,Chennai,2797,2238,2,Residential,Economy,1,1,1,1,RCC,10071,738,33.57,26.86,17904,77,19,89,55,27,24,424,70,2528,11598,11211484.8,4520760.0,18083040.0
213,2024,Tiruppur,1788,1431,1,Residential,Luxury,4,4,1,1,RCC,6439,472,21.46,17.17,11448,68,30,57,35,17,15,427,81,1388,8398,11753890.56,4739472.0,18957888.0
214,2026,Coimbatore,2856,2285,2,Residential,Economy,3,3,1,1,RCC,10282,754,34.27,27.42,18280,39,28,91,57,28,25,397,80,1903,11168,9661894.0,3895925.0,15583700.0
215,2016,Trichy,3153,2523,3,Residential,Premium,2,2,1,1,RCC,11353,832,37.84,30.28,20184,49,21,100,63,31,28,383,59,2490,11628,18326870.16,7389867.0,29559468.0
216,2010,Tiruppur,1545,1236,2,Residential,Economy,5,4,1,1,RCC,5562,407,18.54,14.83,9888,25,17,49,30,15,13,450,80,2332,7032,5778052.8,2329860.0,9319440.0
217,2016,Coimbatore,2558,2047,2,Residential,Economy,1,1,1,1,RCC,9211,675,30.7,24.56,16376,88,25,81,51,25,22,432,66,2524,11353,6599528.0,2661100.0,10644400.0
218,2013,Coimbatore,3632,2906,1,Residential,Standard,5,4,1,1,RCC,13077,958,43.59,34.87,23248,45,24,116,72,36,32,457,74,1418,7237,16301962.56,6573372.0,26293488.0
219,2023,Tiruppur,1512,1210,1,Residential,Luxury,2,2,1,1,RCC,5445,399,18.15,14.52,9680,32,28,48,30,15,13,361,79,2385,9644,10424779.2,4203540.0,16814160.0
220,2015,Chennai,1736,1389,3,Residential,Premium,2,2,1,1,RCC,6250,458,20.84,16.67,11112,59,28,55,34,17,15,372,76,1329,9858,8291441.04,3343323.0,13373292.0
221,2011,Coimbatore,1981,1585,2,Residential,Luxury,5,4,1,1,RCC,7132,523,23.77,19.02,12680,75,26,63,39,19,17,457,59,2100,7447,9198072.0,3708900.0,14835600.0
222,2015,Madurai,2220,1776,1,Residential,Economy,2,2,1,1,RCC,7992,586,26.64,21.31,14208,25,22,71,44,22,19,398,71,2434,9064,6716832.0,2708400.0,10833600.0
223,2023,Madurai,3536,2829,1,Residential,Luxury,2,2,1,1,RCC,12730,933,42.43,33.95,22632,76,30,113,70,35,31,422,58,1698,7716,20395279.44,8223903.0,32895612.0
224,2010,Madurai,1887,1510,1,Residential,Luxury,3,3,1,1,RCC,6795,498,22.65,18.12,12080,75,25,60,37,18,16,406,61,1886,11372,10279476.0,4144950.0,16579800.0
225,2023,Tiruppur,2973,2379,2,Residential,Economy,4,4,1,1,RCC,10705,785,35.68,28.55,19032,69,25,95,59,29,26,391,70,1591,10825,8466385.2,3413865.0,13655460.0
226,2018,Erode,2451,1961,2,Residential,Luxury,2,2,1,1,RCC,8824,647,29.41,23.53,15688,28,18,78,49,24,21,463,62,1695,8063,11774000.88,4747581.0,18990324.0
227,2024,Tiruppur,1473,1179,1,Residential,Standard,3,3,1,1,RCC,5305,389,17.68,14.15,9432,55,13,47,29,14,13,407,69,1643,10319,6771798.72,2730564.0,10922256.0
228,2025,Trichy,2928,2343,3,Residential,Standard,5,4,1,1,RCC,10543,773,35.14,28.12,18744,51,15,93,58,29,26,469,72,2583,8072,11888569.44,4793778.0,19175112.0
229,2022,Trichy,2335,1868,3,Residential,Premium,4,4,1,1,RCC,8406,616,28.02,22.42,14944,90,14,74,46,23,20,376,82,1451,11202,10848484.72,4374389.0,17497556.0
230,2014,Madurai,1467,1174,3,Residential,Luxury,3,3,1,1,RCC,5283,387,17.61,14.09,9392,26,20,46,29,14,13,450,60,1562,8896,6812956.8,2747160.0,10988640.0
231,2026,Tiruppur,2642,2114,1,Residential,Economy,1,1,1,1,RCC,9513,697,31.71,25.37,16912,63,14,84,52,26,23,368,80,1837,7720,9410682.4,3794630.0,15178520.0
232,2021,Salem,2158,1727,2,Residential,Luxury,2,2,1,1,RCC,7771,569,25.9,20.72,13816,84,28,69,43,21,19,440,62,1766,8445,13144404.24,5300163.0,21200652.0
233,2024,Coimbatore,1151,921,2,Residential,Luxury,3,3,1,1,RCC,4144,303,13.81,11.05,7368,76,19,36,23,11,10,440,61,1572,9387,5344747.2,2155140.0,8620560.0
234,2022,Chennai,1588,1271,2,Residential,Standard,5,4,1,1,RCC,5719,419,19.06,15.25,10168,45,21,50,31,15,14,385,82,1820,8279,5087457.12,2051394.0,8205576.0
235,2017,Trichy,2948,2359,3,Residential,Premium,1,1,1,1,RCC,10615,778,35.38,28.31,18872,88,30,94,58,29,26,426,66,2090,11712,12936520.1,5216338.75,20865355.0
236,2011,Coimbatore,2786,2229,1,Residential,Premium,1,1,1,1,RCC,10030,735,33.44,26.75,17832,39,9,89,55,27,24,461,68,1630,9831,10780825.98,4347107.25,17388429.0
237,2026,Chennai,1440,1152,2,Residential,Standard,4,4,1,1,RCC,5184,380,17.28,13.82,9216,69,21,46,28,14,12,416,68,2230,10709,5691064.32,2294784.0,9179136.0
238,2014,Salem,3603,2883,1,Residential,Luxury,2,2,1,1,RCC,12973,951,43.24,34.6,23064,49,9,115,72,36,32,449,75,1734,8429,25996818.24,10482588.0,41930352.0
239,2011,Coimbatore,1837,1470,3,Residential,Premium,2,2,1,1,RCC,6615,485,22.05,17.64,11760,70,19,58,36,18,16,412,60,1612,9544,8537083.8,3442372.5,13769490.0
240,2017,Chennai,1701,1361,1,Residential,Luxury,4,4,1,1,RCC,6124,449,20.41,16.33,10888,90,30,54,34,17,15,416,62,2512,9879,9811938.96,3956427.0,15825708.0
241,2013,Trichy,2532,2026,1,Residential,Standard,2,2,1,1,RCC,9117,668,30.39,24.31,16208,79,13,81,50,25,22,446,79,1517,11904,10551408.0,4254600.0,17018400.0
242,2010,Madurai,3360,2688,2,Residential,Economy,2,2,1,1,RCC,12096,887,40.32,32.26,21504,87,14,107,67,33,29,365,59,1775,9489,11365939.2,4583040.0,18332160.0
243,2015,Madurai,2008,1607,1,Residential,Luxury,3,3,1,1,RCC,7231,530,24.11,19.28,12856,81,22,64,40,20,17,432,69,1792,8377,10294184.88,4150881.0,16603524.0
244,2012,Erode,1367,1094,1,Residential,Luxury,1,1,1,1,RCC,4923,361,16.41,13.13,8752,67,26,43,27,13,12,393,61,2521,11004,9645141.6,3889170.0,15556680.0
245,2021,Chennai,3222,2578,2,Residential,Premium,2,2,1,1,RCC,11601,850,38.67,30.94,20624,61,28,103,64,32,28,438,81,2536,9059,12051634.4,4859530.0,19438120.0
246,2022,Tiruppur,2258,1807,1,Residential,Economy,2,2,1,1,RCC,8131,596,27.11,21.68,14456,43,17,72,45,22,20,407,63,2506,11304,5825768.0,2349100.0,9396400.0
247,2015,Erode,1862,1490,1,Residential,Premium,3,3,1,1,RCC,6705,491,22.35,17.88,11920,70,18,59,37,18,16,389,69,1479,11514,9858793.6,3975320.0,15901280.0
248,2013,Trichy,2890,2312,2,Residential,Economy,2,2,1,1,RCC,10404,762,34.68,27.74,18496,76,9,92,57,28,25,387,73,2066,11092,7711907.2,3109640.0,12438560.0
249,2017,Coimbatore,1806,1445,2,Residential,Economy,5,4,1,1,RCC,6502,476,21.68,17.34,11560,42,22,57,36,18,16,441,70,1383,7327,5303728.0,2138600.0,8554400.0
250,2010,Chennai,3250,2600,2,Residential,Standard,2,2,1,1,RCC,11700,858,39.0,31.2,20800,90,21,104,65,32,28,378,67,1347,7453,13888992.0,5600400.0,22401600.0
251,2024,Chennai,3633,2907,3,Residential,Premium,4,4,1,1,RCC,13081,959,43.6,34.88,23256,47,13,116,72,36,32,408,67,1208,10630,14530465.08,5859058.5,23436234.0
252,2020,Trichy,2781,2225,3,Residential,Luxury,2,2,1,1,RCC,10012,734,33.38,26.7,17800,83,21,89,55,27,24,428,78,1516,10287,13806036.0,5566950.0,22267800.0
253,2021,Salem,1416,1133,1,Residential,Premium,3,3,1,1,RCC,5098,373,17.0,13.6,9064,42,17,45,28,14,12,470,68,2286,7228,7679995.18,3096772.25,12387089.0
254,2021,Trichy,1966,1573,1,Residential,Economy,4,4,1,1,RCC,7078,519,23.59,18.88,12584,78,19,62,39,19,17,427,65,2356,10615,5773539.2,2328040.0,9312160.0
255,2016,Trichy,3028,2423,2,Residential,Standard,1,1,1,1,RCC,10903,799,36.34,29.08,19384,39,15,96,60,30,26,470,66,2530,7777,10996543.2,4434090.0,17736360.0
256,2024,Coimbatore,1960,1568,3,Residential,Luxury,3,3,1,1,RCC,7056,517,23.52,18.82,12544,39,24,62,39,19,17,435,76,1364,10342,11304276.48,4558176.0,18232704.0
257,2013,Salem,1375,1100,2,Residential,Economy,2,2,1,1,RCC,4950,363,16.5,13.2,8800,75,25,44,27,13,12,381,64,2353,10892,5510560.0,2222000.0,8888000.0
258,2017,Chennai,1476,1181,1,Residential,Economy,3,3,1,1,RCC,5314,389,17.71,14.17,9448,72,9,47,29,14,13,361,80,2417,8745,5389139.2,2173040.0,8692160.0
259,2012,Trichy,3352,2682,2,Residential,Standard,1,1,1,1,RCC,12069,885,40.23,32.18,21456,50,26,107,67,33,29,374,81,1926,8376,15045376.32,6066684.0,24266736.0
260,2013,Coimbatore,2878,2303,3,Residential,Economy,3,3,1,1,RCC,10363,759,34.55,27.64,18424,72,24,92,57,28,25,454,74,1931,11005,9480990.4,3822980.0,15291920.0
261,2020,Tiruppur,1222,978,3,Residential,Economy,3,3,1,1,RCC,4401,322,14.67,11.74,7824,39,9,39,24,12,10,446,65,1721,9902,4353664.8,1755510.0,7022040.0
262,2013,Tiruppur,1988,1591,3,Residential,Economy,4,4,1,1,RCC,7159,525,23.86,19.09,12728,27,23,63,39,19,17,374,60,1729,8517,7615162.4,3070630.0,12282520.0
263,2018,Trichy,1768,1415,3,Residential,Luxury,3,3,1,1,RCC,6367,466,21.22,16.98,11320,59,22,56,35,17,15,361,58,1901,8236,9348508.8,3769560.0,15078240.0
264,2012,Coimbatore,3493,2795,3,Residential,Economy,4,4,1,1,RCC,12577,922,41.92,33.54,22360,75,23,111,69,34,31,380,80,2118,10222,9323002.0,3759275.0,15037100.0
265,2020,Trichy,2172,1738,3,Residential,Economy,5,4,1,1,RCC,7821,573,26.07,20.86,13904,52,17,69,43,21,19,376,76,2479,7357,7736880.8,3119710.0,12478840.0
266,2024,Salem,2081,1665,1,Residential,Luxury,3,3,1,1,RCC,7492,549,24.97,19.98,13320,70,18,66,41,20,18,360,68,2386,10960,13006980.0,5244750.0,20979000.0
267,2011,Erode,2708,2167,1,Residential,Standard,1,1,1,1,RCC,9751,715,32.5,26.0,17336,43,29,86,54,27,24,378,66,1987,9239,12446554.56,5018772.0,20075088.0
268,2014,Erode,1325,1060,3,Residential,Premium,3,3,1,1,RCC,4770,349,15.9,12.72,8480,29,25,42,26,13,11,458,61,1608,10491,7699755.2,3104740.0,12418960.0
269,2012,Madurai,1506,1205,2,Residential,Standard,3,3,1,1,RCC,5422,397,18.07,14.46,9640,68,19,48,30,15,13,425,78,1702,9870,5307398.4,2140080.0,8560320.0
270,2025,Trichy,3077,2462,2,Residential,Premium,1,1,1,1,RCC,11079,812,36.93,29.54,19696,72,15,98,61,30,27,463,65,1915,8235,15493366.0,6247325.0,24989300.0
271,2024,Salem,1693,1355,1,Residential,Luxury,1,1,1,1,RCC,6097,447,20.32,16.26,10840,63,13,54,33,16,15,435,60,1494,9469,11129644.8,4487760.0,17951040.0
272,2016,Trichy,2578,2063,2,Residential,Premium,5,4,1,1,RCC,9283,680,30.95,24.76,16504,35,26,82,51,25,22,382,67,2388,9895,10311781.72,4157976.5,16631906.0
273,2020,Coimbatore,3395,2716,2,Residential,Economy,4,4,1,1,RCC,12222,896,40.74,32.59,21728,60,16,108,67,33,30,429,58,1537,9195,13302968.0,5364100.0,21456400.0
274,2022,Salem,2212,1770,3,Residential,Standard,1,1,1,1,RCC,7965,584,26.55,21.24,14160,50,27,70,44,22,19,396,74,2527,7815,7084814.4,2856780.0,11427120.0
275,2012,Chennai,2006,1605,1,Residential,Standard,1,1,1,1,RCC,7222,529,24.07,19.26,12840,68,12,64,40,20,17,360,64,1754,11398,6424365.6,2590470.0,10361880.0
276,2020,Madurai,1076,861,3,Residential,Economy,3,3,1,1,RCC,3874,284,12.91,10.33,6888,28,28,34,21,10,9,422,70,2448,9767,3352389.6,1351770.0,5407080.0
277,2020,Tiruppur,1892,1514,1,Residential,Economy,4,4,1,1,RCC,6813,499,22.71,18.17,12112,88,27,60,37,18,16,411,66,2148,7111,5219060.8,2104460.0,8417840.0
278,2023,Trichy,1131,905,2,Residential,Premium,5,4,1,1,RCC,4072,298,13.57,10.86,7240,67,13,36,22,11,10,371,58,1519,8724,4377141.1,1764976.25,7059905.0
279,2023,Madurai,1730,1384,3,Residential,Premium,1,1,1,1,RCC,6228,456,20.76,16.61,11072,44,29,55,34,17,15,437,76,1877,8884,8933470.88,3602206.0,14408824.0
280,2024,Trichy,2320,1856,3,Residential,Economy,4,4,1,1,RCC,8352,612,27.84,22.27,14848,60,19,74,46,23,20,426,74,1761,8080,7847910.4,3164480.0,12657920.0
281,2021,Coimbatore,2293,1835,1,Residential,Luxury,5,4,1,1,RCC,8257,605,27.52,22.02,14680,54,20,73,45,22,20,456,60,1257,8098,11754716.4,4739805.0,18959220.0
282,2018,Trichy,1625,1300,1,Residential,Standard,5,4,1,1,RCC,5850,429,19.5,15.6,10400,71,12,52,32,16,14,382,81,1531,11329,5899920.0,2379000.0,9516000.0
283,2016,Erode,1147,918,2,Residential,Luxury,2,2,1,1,RCC,4131,302,13.77,11.02,7344,69,20,36,22,11,10,418,64,1863,7216,8093455.2,3263490.0,13053960.0
284,2021,Chennai,1551,1241,3,Residential,Economy,1,1,1,1,RCC,5584,409,18.61,14.89,9928,54,26,49,31,15,13,408,71,1969,8835,5662931.2,2283440.0,9133760.0
285,2017,Coimbatore,1156,925,2,Residential,Premium,1,1,1,1,RCC,4162,305,13.88,11.1,7400,70,14,37,23,11,10,401,82,2071,9282,6270075.5,2528256.25,10113025.0
286,2018,Tiruppur,2527,2022,2,Residential,Standard,2,2,1,1,RCC,9099,667,30.33,24.26,16176,42,17,80,50,25,22,396,60,1878,7032,11884507.2,4792140.0,19168560.0
287,2016,Trichy,3485,2788,1,Residential,Premium,2,2,1,1,RCC,12546,920,41.82,33.46,22304,31,14,111,69,34,30,468,81,1938,7378,19349500.64,7802218.0,31208872.0
288,2010,Tiruppur,3247,2598,1,Residential,Standard,4,4,1,1,RCC,11691,857,38.97,31.18,20784,39,12,103,64,32,28,361,62,1819,8235,13182459.84,5315508.0,21262032.0
289,2024,Erode,3572,2858,3,Residential,Economy,3,3,1,1,RCC,12861,943,42.87,34.3,22864,75,10,114,71,35,31,413,68,2515,10249,10808956.0,4358450.0,17433800.0
290,2010,Chennai,2717,2174,1,Residential,Standard,5,4,1,1,RCC,9783,717,32.61,26.09,17392,42,24,86,54,27,24,436,65,2377,10526,10157623.68,4095816.0,16383264.0
291,2012,Chennai,1536,1229,3,Residential,Economy,1,1,1,1,RCC,5530,405,18.43,14.75,9832,40,23,49,30,15,13,377,74,2077,7021,5333860.0,2150750.0,8603000.0
292,2013,Trichy,1916,1533,1,Residential,Standard,5,4,1,1,RCC,6898,505,22.99,18.4,12264,70,23,61,38,19,17,369,69,1640,8834,9215660.16,3715992.0,14863968.0
293,2018,Chennai,1370,1096,2,Residential,Economy,2,2,1,1,RCC,4932,361,16.44,13.15,8768,30,14,43,27,13,12,425,59,2035,11559,4512012.8,1819360.0,7277440.0
294,2024,Trichy,2856,2285,2,Residential,Premium,1,1,1,1,RCC,10282,754,34.27,27.42,18280,61,25,91,57,28,25,402,80,2040,9200,11051676.7,4456321.25,17825285.0
295,2014,Salem,3043,2435,2,Residential,Luxury,3,3,1,1,RCC,10957,803,36.52,29.22,19480,74,21,97,60,30,27,462,62,2500,7043,20000505.6,8064720.0,32258880.0
296,2017,Tiruppur,2223,1779,3,Residential,Premium,5,4,1,1,RCC,8005,587,26.68,21.35,14232,50,29,71,44,22,19,374,60,2471,7275,11771002.56,4746372.0,18985488.0
297,2020,Salem,1252,1002,2,Residential,Premium,5,4,1,1,RCC,4509,330,15.03,12.02,8016,25,23,40,25,12,11,455,78,2163,11178,6954160.56,2804097.0,11216388.0
298,2022,Madurai,2752,2202,3,Residential,Luxury,5,4,1,1,RCC,9909,726,33.03,26.42,17616,33,20,88,55,27,24,427,66,2455,9638,15875010.72,6401214.0,25604856.0
299,2018,Tiruppur,1367,1094,3,Residential,Standard,5,4,1,1,RCC,4923,361,16.41,13.13,8752,85,19,43,27,13,12,426,76,2176,11675,5404535.04,2179248.0,8716992.0
300,2016,Trichy,2132,1706,1,Residential,Premium,1,1,1,1,RCC,7677,562,25.59,20.47,13648,46,19,68,42,21,18,390,79,1552,8248,12392247.52,4996874.0,19987496.0
301,2021,Tiruppur,3356,2685,1,Residential,Premium,1,1,1,1,RCC,12082,886,40.27,32.22,21480,79,11,107,67,33,29,412,62,1715,10073,17765678.4,7163580.0,28654320.0
302,2012,Madurai,1526,1221,2,Residential,Premium,3,3,1,1,RCC,5494,402,18.31,14.65,9768,75,17,48,30,15,13,417,80,1428,10680,8474081.88,3416968.5,13667874.0
303,2014,Madurai,3448,2759,3,Residential,Standard,2,2,1,1,RCC,12415,910,41.38,33.11,22072,87,24,110,68,34,30,444,65,2475,10037,10674019.2,4304040.0,17216160.0
304,2016,Chennai,3678,2943,2,Residential,Premium,4,4,1,1,RCC,13243,971,44.14,35.32,23544,58,9,117,73,36,32,435,63,1827,11461,13757936.4,5547555.0,22190220.0
305,2024,Chennai,2405,1924,2,Residential,Standard,3,3,1,1,RCC,8658,634,28.86,23.09,15392,88,10,76,48,24,21,385,62,2066,9379,9504867.84,3832608.0,15330432.0
306,2011,Erode,2902,2322,1,Residential,Luxury,4,4,1,1,RCC,10449,766,34.83,27.86,18576,62,21,92,58,29,25,415,78,2444,9103,18605907.36,7502382.0,30009528.0
307,2021,Chennai,2803,2243,1,Residential,Standard,4,4,1,1,RCC,10093,740,33.64,26.92,17944,51,18,89,56,28,24,470,60,1363,10649,10480013.76,4225812.0,16903248.0
308,2010,Chennai,2942,2354,2,Residential,Luxury,5,4,1,1,RCC,10593,776,35.31,28.25,18832,84,22,94,58,29,26,449,71,2049,10879,20753805.6,8368470.0,33473880.0
309,2014,Trichy,1901,1521,1,Residential,Luxury,4,4,1,1,RCC,6844,501,22.81,18.25,12168,26,29,60,38,19,16,389,81,1610,10290,13409744.4,5407155.0,21628620.0
310,2024,Chennai,1207,966,3,Residential,Premium,3,3,1,1,RCC,4347,318,14.49,11.59,7728,36,15,38,24,12,10,468,60,2369,7126,6391674.24,2577288.0,10309152.0
311,2011,Tiruppur,1520,1216,2,Residential,Standard,1,1,1,1,RCC,5472,401,18.24,14.59,9728,50,30,48,30,15,13,402,73,1312,11508,6984314.88,2816256.0,11265024.0
312,2014,Madurai,3138,2511,3,Residential,Luxury,2,2,1,1,RCC,11299,828,37.66,30.13,20088,67,14,100,62,31,27,426,58,1581,11414,15076244.88,6079131.0,24316524.0
313,2022,Madurai,2406,1925,3,Residential,Economy,3,3,1,1,RCC,8662,635,28.88,23.1,15400,63,25,77,48,24,21,410,74,2060,7419,8354500.0,3368750.0,13475000.0
314,2018,Madurai,2570,2056,2,Residential,Luxury,2,2,1,1,RCC,9252,678,30.84,24.67,16448,50,12,82,51,25,22,366,64,2299,10062,17300499.84,6976008.0,27904032.0
315,2020,Coimbatore,3376,2701,3,Residential,Standard,4,4,1,1,RCC,12154,891,40.52,32.41,21608,83,30,108,67,33,30,431,79,1304,9574,14428525.92,5817954.0,23271816.0
316,2011,Madurai,1042,834,3,Residential,Luxury,1,1,1,1,RCC,3753,275,12.51,10.01,6672,53,22,33,20,10,9,397,64,1628,11850,6515208.0,2627100.0,10508400.0
317,2011,Coimbatore,3327,2662,2,Residential,Standard,4,4,1,1,RCC,11979,878,39.93,31.94,21296,80,28,106,66,33,29,375,59,1480,7589,12437715.84,5015208.0,20060832.0
318,2017,Erode,3545,2836,1,Residential,Standard,1,1,1,1,RCC,12762,935,42.54,34.03,22688,62,14,113,70,35,31,428,63,1498,8694,16668873.6,6721320.0,26885280.0
319,2012,Chennai,3642,2914,1,Residential,Economy,4,4,1,1,RCC,13113,961,43.71,34.97,23312,78,15,116,72,36,32,444,66,2106,10478,11345950.4,4574980.0,18299920.0
320,2024,Madurai,1792,1434,1,Residential,Economy,2,2,1,1,RCC,6453,473,21.51,17.21,11472,54,26,57,35,17,15,462,68,2348,8261,5423388.0,2186850.0,8747400.0
321,2017,Salem,2583,2067,2,Residential,Standard,3,3,1,1,RCC,9301,682,31.0,24.8,16536,29,18,82,51,25,22,408,62,2512,9384,9104060.16,3670992.0,14683968.0
322,2024,Coimbatore,2142,1714,3,Residential,Economy,5,4,1,1,RCC,7713,565,25.71,20.57,13712,48,21,68,42,21,19,402,79,2022,7936,6673630.4,2690980.0,10763920.0
323,2026,Chennai,1197,958,2,Residential,Standard,1,1,1,1,RCC,4311,316,14.37,11.5,7664,62,23,38,23,11,10,404,58,2216,7761,5759036.16,2322192.0,9288768.0
324,2016,Coimbatore,2026,1621,2,Residential,Premium,3,3,1,1,RCC,7294,534,24.31,19.45,12968,85,16,64,40,20,18,458,82,1665,11741,8102471.24,3267125.5,13068502.0
325,2021,Coimbatore,2535,2028,1,Residential,Economy,5,4,1,1,RCC,9126,669,30.42,24.34,16224,44,29,81,50,25,22,398,59,1552,9729,6538272.0,2636400.0,10545600.0
326,2021,Coimbatore,2792,2234,2,Residential,Standard,4,4,1,1,RCC,10053,737,33.51,26.81,17872,39,17,89,55,27,24,463,60,2345,10727,11634672.0,4691400.0,18765600.0
327,2022,Salem,1488,1191,3,Residential,Economy,5,4,1,1,RCC,5359,393,17.86,14.29,9528,29,9,47,29,14,13,365,74,2386,7796,4504362.0,1816275.0,7265100.0
328,2012,Madurai,3113,2491,3,Residential,Luxury,2,2,1,1,RCC,11209,822,37.37,29.89,19928,45,19,99,62,31,27,381,79,1384,9716,19960084.08,8048421.0,32193684.0
329,2018,Chennai,1025,820,3,Residential,Premium,4,4,1,1,RCC,3690,270,12.3,9.84,6560,38,15,32,20,10,9,374,62,2216,9215,4364105.6,1759720.0,7038880.0
330,2017,Coimbatore,3743,2995,3,Residential,Premium,1,1,1,1,RCC,13477,988,44.92,35.94,23960,30,24,119,74,37,33,392,69,1604,9322,20786138.6,8381507.5,33526030.0
331,2026,Coimbatore,3066,2453,3,Residential,Standard,2,2,1,1,RCC,11038,809,36.8,29.44,19624,37,8,98,61,30,27,373,59,2200,11672,11789706.72,4753914.0,19015656.0
332,2014,Tiruppur,2078,1663,3,Residential,Economy,2,2,1,1,RCC,7483,548,24.95,19.96,13304,58,8,66,41,20,18,414,70,2478,11244,6289466.0,2536075.0,10144300.0
333,2016,Coimbatore,1560,1248,2,Residential,Economy,5,4,1,1,RCC,5616,411,18.72,14.98,9984,56,27,49,31,15,13,459,74,1327,9013,4302105.6,1734720.0,6938880.0
334,2016,Trichy,1373,1099,3,Residential,Economy,3,3,1,1,RCC,4945,362,16.48,13.19,8792,47,17,43,27,13,12,403,60,2145,11848,3665824.4,1478155.0,5912620.0
335,2011,Chennai,1935,1548,1,Residential,Luxury,3,3,1,1,RCC,6966,510,23.22,18.58,12384,56,12,61,38,19,17,453,74,2590,8369,13025862.72,5252364.0,21009456.0
336,2017,Erode,1773,1419,2,Residential,Standard,2,2,1,1,RCC,6385,468,21.29,17.03,11352,67,30,56,35,17,15,368,58,2182,7309,6630022.08,2673396.0,10693584.0
337,2016,Tiruppur,3546,2837,3,Residential,Economy,3,3,1,1,RCC,12766,936,42.55,34.04,22696,31,19,113,70,35,31,460,71,1389,9860,9779706.4,3943430.0,15773720.0
338,2019,Chennai,1830,1464,2,Residential,Standard,4,4,1,1,RCC,6588,483,21.96,17.57,11712,84,29,58,36,18,16,435,63,2091,10160,7232394.24,2916288.0,11665152.0
339,2018,Tiruppur,3626,2901,2,Residential,Economy,5,4,1,1,RCC,13054,957,43.52,34.81,23208,54,15,116,72,36,32,385,76,2137,11600,10000327.2,4032390.0,16129560.0
340,2022,Tiruppur,2211,1769,2,Residential,Economy,5,4,1,1,RCC,7960,583,26.54,21.23,14152,68,20,70,44,22,19,411,60,1667,9781,8072300.8,3254960.0,13019840.0
341,2010,Chennai,3183,2547,2,Residential,Premium,1,1,1,1,RCC,11461,840,38.2,30.56,20376,85,21,101,63,31,28,412,77,1813,10747,18089048.7,7293971.25,29175885.0
342,2021,Salem,1746,1397,2,Residential,Standard,5,4,1,1,RCC,6286,461,20.95,16.76,11176,84,27,55,34,17,15,364,67,1887,7720,5778886.08,2330196.0,9320784.0
343,2013,Coimbatore,2387,1910,1,Residential,Luxury,4,4,1,1,RCC,8595,630,28.65,22.92,15280,30,20,76,47,23,21,465,63,1998,9223,13769877.6,5552370.0,22209480.0
344,2021,Tiruppur,2702,2162,1,Residential,Standard,3,3,1,1,RCC,9729,713,32.43,25.94,17296,75,17,86,54,27,24,423,68,2237,11969,10391090.88,4189956.0,16759824.0
345,2015,Chennai,1968,1575,1,Residential,Economy,4,4,1,1,RCC,7087,519,23.62,18.9,12600,56,22,63,39,19,17,432,79,1713,9886,5077800.0,2047500.0,8190000.0
346,2018,Erode,1516,1213,3,Residential,Luxury,5,4,1,1,RCC,5458,400,18.2,14.56,9704,78,10,48,30,15,13,425,77,1878,10638,8013951.36,3231432.0,12925728.0
347,2026,Tiruppur,2362,1890,2,Residential,Premium,3,3,1,1,RCC,8505,623,28.35,22.68,15120,32,28,75,47,23,21,423,73,1944,7147,12505449.6,5042520.0,20170080.0
348,2019,Tiruppur,1291,1033,3,Residential,Luxury,1,1,1,1,RCC,4648,340,15.49,12.4,8264,90,12,41,25,12,11,453,77,2139,7287,8899832.16,3588642.0,14354568.0
349,2014,Coimbatore,2665,2132,2,Residential,Economy,2,2,1,1,RCC,9594,703,31.98,25.58,17056,90,9,85,53,26,23,410,63,2407,9300,8777017.6,3539120.0,14156480.0
350,2023,Erode,2237,1790,2,Residential,Economy,5,4,1,1,RCC,8055,590,26.85,21.48,14320,35,29,71,44,22,19,441,70,2209,9951,8367892.0,3374150.0,13496600.0
351,2021,Coimbatore,2420,1936,2,Residential,Luxury,2,2,1,1,RCC,8712,638,29.04,23.23,15488,50,24,77,48,24,21,463,59,1532,9523,11623898.88,4687056.0,18748224.0
352,2022,Tiruppur,3665,2932,1,Residential,Economy,3,3,1,1,RCC,13194,967,43.98,35.18,23456,71,30,117,73,36,32,383,66,1833,10889,12397668.8,4999060.0,19996240.0
353,2013,Erode,2010,1608,3,Residential,Luxury,3,3,1,1,RCC,7236,530,24.12,19.3,12864,58,19,64,40,20,17,410,68,1989,10871,13207726.08,5325696.0,21302784.0
354,2023,Erode,2366,1893,1,Residential,Luxury,2,2,1,1,RCC,8518,624,28.39,22.72,15144,45,18,75,47,23,21,365,62,1771,11388,17069711.04,6882948.0,27531792.0
355,2018,Salem,3407,2726,3,Residential,Luxury,5,4,1,1,RCC,12267,899,40.89,32.71,21808,71,30,109,68,34,30,410,74,1790,7992,16914720.96,6820452.0,27281808.0
356,2021,Trichy,2328,1863,2,Residential,Economy,1,1,1,1,RCC,8383,614,27.95,22.36,14904,71,16,74,46,23,20,391,60,2323,7789,7877509.2,3176415.0,12705660.0
357,2015,Erode,3112,2490,3,Residential,Premium,1,1,1,1,RCC,11205,821,37.35,29.88,19920,40,20,99,62,31,27,410,81,1899,10276,13654911.0,5506012.5,22024050.0
358,2014,Trichy,3008,2407,2,Residential,Premium,3,3,1,1,RCC,10831,794,36.1,28.88,19256,77,29,96,60,30,26,396,62,1636,9774,13199747.3,5322478.75,21289915.0
359,2023,Salem,1337,1070,2,Residential,Economy,1,1,1,1,RCC,4815,353,16.05,12.84,8560,52,26,42,26,13,11,453,66,2591,8085,4285564.0,1728050.0,6912200.0
360,2011,Erode,1773,1419,1,Residential,Economy,2,2,1,1,RCC,6385,468,21.29,17.03,11352,73,17,56,35,17,15,376,78,1987,9253,6000099.6,2419395.0,9677580.0
361,2017,Madurai,1343,1075,3,Residential,Premium,5,4,1,1,RCC,4837,354,16.12,12.9,8600,37,19,43,26,13,11,446,76,1361,9946,6069149.0,2447237.5,9788950.0
362,2020,Coimbatore,1118,895,3,Residential,Economy,5,4,1,1,RCC,4027,295,13.42,10.74,7160,25,22,35,22,11,9,440,82,1484,10660,3185126.0,1284325.0,5137300.0
363,2011,Trichy,2407,1926,3,Residential,Luxury,1,1,1,1,RCC,8667,635,28.89,23.11,15408,84,11,77,48,24,21,421,65,1802,9786,11563858.08,4662846.0,18651384.0
364,2016,Madurai,2693,2155,3,Residential,Standard,5,4,1,1,RCC,9697,711,32.32,25.86,17240,28,15,86,53,26,23,459,63,1258,11134,10068849.6,4060020.0,16240080.0
365,2012,Trichy,2371,1897,2,Residential,Economy,3,3,1,1,RCC,8536,626,28.45,22.76,15176,39,20,75,47,23,21,409,74,2405,10350,7809569.6,3149020.0,12596080.0
366,2018,Chennai,2157,1726,3,Residential,Premium,1,1,1,1,RCC,7767,569,25.89,20.71,13808,86,26,69,43,21,19,377,71,2129,10724,10861718.0,4379725.0,17518900.0
367,2022,Coimbatore,1976,1581,2,Residential,Standard,5,4,1,1,RCC,7114,521,23.71,18.97,12648,61,14,63,39,19,17,369,81,2257,7135,6751755.36,2722482.0,10889928.0
368,2019,Erode,3245,2596,1,Residential,Premium,2,2,1,1,RCC,11682,856,38.94,31.15,20768,27,27,103,64,32,28,452,58,1328,9899,14656289.12,5909794.0,23639176.0
369,2015,Trichy,2052,1642,2,Residential,Premium,1,1,1,1,RCC,7389,541,24.63,19.7,13136,65,19,65,41,20,18,399,61,1290,8435,10598814.44,4273715.5,17094862.0
370,2020,Chennai,2818,2255,2,Residential,Luxury,1,1,1,1,RCC,10147,744,33.82,27.06,18040,44,19,90,56,28,25,459,73,2195,7677,14445169.2,5824665.0,23298660.0
371,2026,Trichy,2727,2182,2,Residential,Standard,4,4,1,1,RCC,9819,720,32.73,26.18,17456,57,24,87,54,27,24,409,64,1924,9063,9318361.92,3757404.0,15029616.0
372,2015,Tiruppur,1107,886,1,Residential,Luxury,3,3,1,1,RCC,3987,292,13.29,10.63,7088,80,12,35,22,11,9,377,58,1427,8753,7277391.36,2934432.0,11737728.0
373,2024,Tiruppur,3720,2976,2,Residential,Economy,1,1,1,1,RCC,13392,982,44.64,35.71,23808,30,14,119,74,37,33,433,75,1345,9649,10258867.2,4136640.0,16546560.0
374,2016,Chennai,2732,2186,3,Residential,Luxury,5,4,1,1,RCC,9837,721,32.79,26.23,17488,56,14,87,54,27,24,405,70,1413,7803,19272650.4,7771230.0,31084920.0
375,2012,Trichy,1646,1317,1,Residential,Luxury,4,4,1,1,RCC,5926,434,19.75,15.8,10536,31,23,52,32,16,14,381,70,2535,8964,11346639.84,4575258.0,18301032.0
376,2025,Trichy,3403,2723,3,Residential,Standard,4,4,1,1,RCC,12253,898,40.84,32.68,21784,73,10,108,68,34,30,449,65,1668,7040,11628734.88,4689006.0,18756024.0
377,2013,Coimbatore,3007,2406,3,Residential,Economy,2,2,1,1,RCC,10827,793,36.09,28.87,19248,25,9,96,60,30,26,419,59,2023,8969,9636511.2,3885690.0,15542760.0
378,2011,Coimbatore,2123,1699,3,Residential,Luxury,1,1,1,1,RCC,7645,560,25.48,20.39,13592,84,8,67,42,21,18,421,82,1412,7791,12589997.76,5076612.0,20306448.0
379,2020,Chennai,1956,1565,1,Residential,Standard,5,4,1,1,RCC,7042,516,23.47,18.78,12520,90,20,62,39,19,17,360,60,1260,11553,9408028.8,3793560.0,15174240.0
380,2019,Salem,1437,1150,3,Residential,Economy,5,4,1,1,RCC,5175,379,17.25,13.8,9200,75,29,46,28,14,12,360,75,1627,7197,3835940.0,1546750.0,6187000.0
381,2016,Erode,1958,1567,3,Residential,Standard,4,4,1,1,RCC,7051,517,23.5,18.8,12536,79,11,62,39,19,17,438,60,2318,11257,6691967.52,2698374.0,10793496.0
382,2013,Chennai,2803,2243,3,Residential,Economy,1,1,1,1,RCC,10093,740,33.64,26.92,17944,72,16,89,56,28,24,398,67,1805,8210,8983663.6,3622445.0,14489780.0
383,2010,Chennai,3528,2823,3,Residential,Premium,5,4,1,1,RCC,12703,931,42.34,33.88,22584,34,9,112,70,35,31,374,79,2426,8752,15937867.56,6426559.5,25706238.0
384,2012,Chennai,3662,2930,2,Residential,Luxury,4,4,1,1,RCC,13185,966,43.95,35.16,23440,32,30,117,73,36,32,453,58,2572,8106,20534846.4,8280180.0,33120720.0
385,2018,Erode,3205,2564,1,Residential,Premium,2,2,1,1,RCC,11538,846,38.46,30.77,20512,42,16,102,64,32,28,460,67,1913,7232,17794877.92,7175354.0,28701416.0
386,2015,Erode,2660,2128,2,Residential,Standard,1,1,1,1,RCC,9576,702,31.92,25.54,17024,85,27,85,53,26,23,467,82,1867,9246,12222551.04,4928448.0,19713792.0
387,2017,Trichy,2277,1822,1,Residential,Economy,4,4,1,1,RCC,8199,601,27.33,21.86,14576,70,18,72,45,22,20,360,82,1689,9806,7907480.0,3188500.0,12754000.0
388,2020,Salem,1405,1124,3,Residential,Economy,2,2,1,1,RCC,5058,370,16.86,13.49,8992,68,19,44,28,14,12,368,75,1449,10752,3749214.4,1511780.0,6047120.0
389,2023,Trichy,1823,1459,1,Residential,Economy,5,4,1,1,RCC,6565,481,21.88,17.51,11672,36,28,58,36,18,16,387,64,1788,7111,5843586.8,2356285.0,9425140.0
390,2015,Erode,2331,1865,2,Residential,Standard,1,1,1,1,RCC,8392,615,27.97,22.38,14920,61,20,74,46,23,20,391,68,1726,7226,10711963.2,4319340.0,17277360.0
391,2012,Trichy,1468,1175,3,Residential,Premium,2,2,1,1,RCC,5287,387,17.62,14.1,9400,33,30,47,29,14,13,410,67,1359,7523,6253444.0,2521550.0,10086200.0
392,2012,Coimbatore,1342,1074,3,Residential,Economy,1,1,1,1,RCC,4833,354,16.11,12.89,8592,39,23,42,26,13,11,442,74,1760,10686,4781018.4,1927830.0,7711320.0
393,2023,Erode,1910,1528,1,Residential,Premium,3,3,1,1,RCC,6876,504,22.92,18.34,12224,47,22,61,38,19,16,453,61,2143,9804,10110225.92,4076704.0,16306816.0
394,2013,Tiruppur,2651,2121,1,Residential,Luxury,1,1,1,1,RCC,9544,699,31.81,25.45,16968,51,19,84,53,26,23,445,68,1768,7080,15291052.56,6165747.0,24662988.0
395,2018,Coimbatore,1972,1578,1,Residential,Standard,1,1,1,1,RCC,7101,520,23.67,18.94,12624,30,12,63,39,19,17,421,61,1317,10137,8006898.24,3228588.0,12914352.0
396,2012,Madurai,2300,1840,3,Residential,Standard,1,1,1,1,RCC,8280,607,27.6,22.08,14720,26,16,73,46,23,20,469,62,1927,9978,7365004.8,2969760.0,11879040.0
397,2021,Coimbatore,1902,1522,1,Residential,Premium,3,3,1,1,RCC,6849,502,22.83,18.26,12176,39,15,60,38,19,16,461,63,1784,10119,9824236.04,3961385.5,15845542.0
398,2021,Coimbatore,1153,923,1,Residential,Standard,2,2,1,1,RCC,4153,304,13.84,11.08,7384,85,16,36,23,11,10,360,59,1403,10091,5054200.32,2037984.0,8151936.0
399,2024,Salem,2890,2312,1,Residential,Economy,3,3,1,1,RCC,10404,762,34.68,27.74,18496,39,11,92,57,28,25,418,75,2207,7767,11324176.0,4566200.0,18264800.0
400,2017,Salem,3071,2457,1,Residential,Luxury,4,4,1,1,RCC,11056,810,36.85,29.48,19656,81,9,98,61,30,27,375,64,1339,9179,16726273.2,6744465.0,26977860.0
401,2011,Chennai,2848,2279,2,Residential,Standard,4,4,1,1,RCC,10255,752,34.19,27.35,18232,90,15,91,56,28,25,421,81,1642,11611,11869032.0,4785900.0,19143600.0
402,2011,Coimbatore,2925,2340,1,Residential,Luxury,1,1,1,1,RCC,10530,772,35.1,28.08,18720,46,24,93,58,29,26,470,68,1634,7831,21100435.2,8508240.0,34032960.0
403,2014,Chennai,1425,1140,2,Residential,Luxury,3,3,1,1,RCC,5130,376,17.1,13.68,9120,82,28,45,28,14,12,400,61,1620,9298,9821692.8,3960360.0,15841440.0
404,2018,Coimbatore,2848,2279,1,Residential,Luxury,1,1,1,1,RCC,10255,752,34.19,27.35,18232,90,8,91,56,28,25,440,78,2254,7200,20092575.6,8101845.0,32407380.0
405,2014,Erode,3407,2726,3,Residential,Standard,1,1,1,1,RCC,12267,899,40.89,32.71,21808,71,12,109,68,34,30,409,68,1285,10012,16022337.6,6460620.0,25842480.0
406,2012,Salem,1930,1544,3,Residential,Economy,2,2,1,1,RCC,6948,509,23.16,18.53,12352,52,9,61,38,19,17,396,72,1487,8569,7390201.6,2979920.0,11919680.0
407,2022,Chennai,2558,2047,3,Residential,Standard,3,3,1,1,RCC,9211,675,30.7,24.56,16376,46,8,81,51,25,22,406,73,1677,7539,8467702.08,3414396.0,13657584.0
408,2016,Coimbatore,3442,2754,2,Residential,Luxury,5,4,1,1,RCC,12393,908,41.31,33.05,22032,85,14,110,68,34,30,399,72,1754,8853,19301353.92,7782804.0,31131216.0
409,2023,Erode,2647,2118,1,Residential,Standard,4,4,1,1,RCC,9531,698,31.77,25.42,16944,27,26,84,52,26,23,407,82,1531,8953,11030544.0,4447800.0,17791200.0
410,2025,Trichy,1000,800,1,Residential,Premium,5,4,1,1,RCC,3600,264,12.0,9.6,6400,74,12,32,20,10,8,393,65,2351,7987,5552224.0,2238800.0,8955200.0
411,2014,Trichy,2401,1921,2,Residential,Standard,2,2,1,1,RCC,8644,633,28.81,23.05,15368,66,9,76,48,24,21,381,65,2065,8372,11548129.92,4656504.0,18626016.0
412,2017,Tiruppur,1410,1128,3,Residential,Luxury,4,4,1,1,RCC,5076,372,16.92,13.54,9024,44,16,45,28,14,12,451,71,1394,7422,8358750.72,3370464.0,13481856.0
413,2019,Tiruppur,3230,2584,1,Residential,Premium,1,1,1,1,RCC,11628,852,38.76,31.01,20672,47,12,103,64,32,28,413,60,2284,10087,12915968.96,5208052.0,20832208.0
414,2017,Salem,2536,2029,3,Residential,Economy,5,4,1,1,RCC,9130,669,30.43,24.35,16232,72,24,81,50,25,22,431,64,2092,7622,9711605.6,3915970.0,15663880.0
415,2017,Salem,2296,1837,3,Residential,Standard,4,4,1,1,RCC,8266,606,27.55,22.04,14696,71,24,73,45,22,20,392,79,1350,7467,9075073.92,3659304.0,14637216.0
416,2025,Madurai,3415,2732,1,Residential,Economy,3,3,1,1,RCC,12294,901,40.98,32.78,21856,48,22,109,68,34,30,401,65,2081,7728,13076444.8,5272760.0,21091040.0
417,2017,Madurai,2060,1648,3,Residential,Luxury,4,4,1,1,RCC,7416,543,24.72,19.78,13184,71,20,65,41,20,18,444,73,1947,8045,10887874.56,4390272.0,17561088.0
418,2011,Trichy,2138,1711,3,Residential,Premium,2,2,1,1,RCC,7699,564,25.66,20.53,13688,42,20,68,42,21,19,438,71,2523,7637,8829204.86,3560163.25,14240653.0
419,2021,Erode,3403,2723,3,Residential,Premium,4,4,1,1,RCC,12253,898,40.84,32.68,21784,80,18,108,68,34,30,382,73,1236,8318,17576474.86,7087288.25,28349153.0
420,2017,Erode,3016,2413,2,Residential,Premium,1,1,1,1,RCC,10858,796,36.2,28.96,19304,50,19,96,60,30,26,458,67,2528,9095,13623122.36,5493194.5,21972778.0
421,2016,Chennai,1836,1469,1,Residential,Luxury,5,4,1,1,RCC,6610,484,22.04,17.63,11752,77,25,58,36,18,16,394,58,1343,7038,8819993.52,3556449.0,14225796.0
422,2017,Coimbatore,1886,1509,1,Residential,Economy,2,2,1,1,RCC,6790,497,22.63,18.11,12072,58,30,60,37,18,16,460,65,1239,7196,5707038.0,2301225.0,9204900.0
423,2025,Madurai,1583,1267,1,Residential,Standard,1,1,1,1,RCC,5701,418,19.0,15.2,10136,34,24,50,31,15,14,404,68,1797,10419,5580476.16,2250192.0,9000768.0
424,2018,Coimbatore,3451,2761,2,Residential,Economy,3,3,1,1,RCC,12424,911,41.41,33.13,22088,58,10,110,69,34,30,368,77,1307,9154,9517719.2,3837790.0,15351160.0
425,2025,Coimbatore,1673,1339,3,Residential,Premium,3,3,1,1,RCC,6025,441,20.09,16.07,10712,49,27,53,33,16,14,431,59,1515,10463,9726388.88,3921931.0,15687724.0
426,2012,Tiruppur,2971,2377,2,Residential,Standard,1,1,1,1,RCC,10696,784,35.66,28.52,19016,85,11,95,59,29,26,368,76,1511,8567,12061088.16,4863342.0,19453368.0
427,2023,Coimbatore,3315,2652,2,Residential,Economy,2,2,1,1,RCC,11934,875,39.78,31.82,21216,26,14,106,66,33,29,434,64,1420,10746,12989496.0,5237700.0,20950800.0
428,2020,Erode,2232,1786,2,Residential,Luxury,5,4,1,1,RCC,8037,589,26.79,21.43,14288,32,8,71,44,22,19,389,81,1248,8810,16104862.08,6493896.0,25975584.0
429,2015,Coimbatore,3625,2900,2,Residential,Luxury,2,2,1,1,RCC,13050,957,43.5,34.8,23200,64,29,116,72,36,32,393,62,1522,7508,20324592.0,8195400.0,32781600.0
430,2020,Trichy,2157,1726,2,Residential,Premium,3,3,1,1,RCC,7767,569,25.89,20.71,13808,64,9,69,43,21,19,459,77,1846,7730,11420320.64,4604968.0,18419872.0
431,2015,Erode,2502,2002,1,Residential,Standard,3,3,1,1,RCC,9009,660,30.03,24.02,16016,56,22,80,50,25,22,363,64,1856,7979,8817768.96,3555552.0,14222208.0
432,2026,Madurai,3593,2875,3,Residential,Premium,5,4,1,1,RCC,12937,948,43.12,34.5,23000,34,11,115,71,35,31,444,60,2477,10170,20418537.5,8233281.25,32933125.0
433,2017,Salem,3238,2591,2,Residential,Premium,1,1,1,1,RCC,11659,855,38.87,31.09,20728,65,23,103,64,32,28,451,71,1961,11382,18820816.72,7589039.0,30356156.0
434,2024,Chennai,3287,2630,3,Residential,Economy,3,3,1,1,RCC,11835,867,39.45,31.56,21040,60,12,105,65,32,29,364,75,1464,7517,9359644.0,3774050.0,15096200.0
435,2012,Tiruppur,3385,2708,3,Residential,Economy,5,4,1,1,RCC,12186,893,40.62,32.5,21664,68,21,108,67,33,30,426,60,1496,10226,11450507.2,4617140.0,18468560.0
436,2014,Trichy,1481,1185,3,Residential,Economy,1,1,1,1,RCC,5332,391,17.77,14.22,9480,38,30,47,29,14,13,369,68,1535,11356,5010654.0,2020425.0,8081700.0
437,2023,Erode,3080,2464,1,Residential,Standard,2,2,1,1,RCC,11088,813,36.96,29.57,19712,68,19,98,61,30,27,375,65,2138,11521,13492469.76,5440512.0,21762048.0
438,2017,Coimbatore,1598,1279,1,Residential,Luxury,3,3,1,1,RCC,5755,422,19.18,15.35,10232,61,22,51,31,15,14,410,80,1613,8061,11276175.6,4546845.0,18187380.0
439,2010,Madurai,1991,1593,2,Residential,Premium,1,1,1,1,RCC,7168,525,23.89,19.12,12744,90,23,63,39,19,17,464,80,1504,9631,9251411.22,3730407.75,14921631.0
440,2011,Tiruppur,2603,2083,1,Residential,Standard,3,3,1,1,RCC,9373,687,31.24,25.0,16664,25,15,83,52,26,23,433,69,1221,9083,11685130.08,4711746.0,18846984.0
441,2018,Madurai,1201,961,1,Residential,Standard,3,3,1,1,RCC,4324,317,14.41,11.53,7688,63,19,38,24,12,10,439,69,2007,10098,5004888.0,2018100.0,8072400.0
442,2017,Tiruppur,2453,1963,1,Residential,Economy,2,2,1,1,RCC,8833,647,29.45,23.56,15704,31,13,78,49,24,21,456,62,1828,9074,9176632.4,3700255.0,14801020.0
443,2019,Coimbatore,3582,2866,3,Residential,Luxury,3,3,1,1,RCC,12897,945,42.99,34.39,22928,55,25,114,71,35,31,451,68,2573,7449,24116358.24,9724338.0,38897352.0
444,2024,Madurai,2767,2214,1,Residential,Standard,3,3,1,1,RCC,9963,730,33.21,26.57,17712,85,22,88,55,27,24,460,81,1638,9788,8862022.08,3573396.0,14293584.0
445,2020,Chennai,2847,2278,1,Residential,Economy,1,1,1,1,RCC,10251,751,34.17,27.34,18224,28,15,91,56,28,25,407,60,2459,7554,8106946.4,3268930.0,13075720.0
446,2022,Madurai,3548,2839,3,Residential,Standard,1,1,1,1,RCC,12775,936,42.59,34.07,22712,86,20,113,70,35,31,399,78,2494,11724,16306307.52,6575124.0,26300496.0
447,2013,Trichy,3408,2727,2,Residential,Premium,3,3,1,1,RCC,12271,899,40.91,32.72,21816,33,23,109,68,34,30,417,71,1224,8860,17602294.14,7097699.25,28390797.0
448,2011,Salem,2063,1651,1,Residential,Premium,3,3,1,1,RCC,7429,544,24.77,19.81,13208,80,8,66,41,20,18,451,62,2079,7756,8519589.26,3435318.25,13741273.0
449,2017,Tiruppur,1940,1552,3,Residential,Premium,3,3,1,1,RCC,6984,512,23.28,18.62,12416,32,15,62,38,19,17,406,81,2087,8292,8008723.52,3229324.0,12917296.0
450,2020,Madurai,2947,2358,3,Residential,Luxury,1,1,1,1,RCC,10611,778,35.37,28.3,18864,67,24,94,58,29,26,453,63,2206,11479,16525995.84,6663708.0,26654832.0
451,2015,Chennai,3561,2849,1,Residential,Luxury,2,2,1,1,RCC,12820,940,42.73,34.19,22792,39,26,113,71,35,31,406,59,1313,8698,19394852.4,7820505.0,31282020.0
452,2024,Coimbatore,3585,2868,1,Residential,Standard,5,4,1,1,RCC,12906,946,43.02,34.42,22944,52,12,114,71,35,31,379,78,2097,7249,17241039.36,6952032.0,27808128.0
453,2017,Salem,3170,2536,1,Residential,Premium,5,4,1,1,RCC,11412,836,38.04,30.43,20288,52,24,101,63,31,28,440,72,1310,7756,15138296.96,6104152.0,24416608.0
454,2017,Trichy,1028,823,2,Residential,Standard,2,2,1,1,RCC,3703,271,12.34,9.88,6584,47,15,32,20,10,9,437,63,1613,11796,4065751.68,1639416.0,6557664.0
455,2023,Trichy,1561,1249,3,Residential,Standard,4,4,1,1,RCC,5620,412,18.73,14.99,9992,31,23,49,31,15,13,360,72,1376,7570,6170259.84,2488008.0,9952032.0
456,2016,Trichy,3125,2500,1,Residential,Luxury,3,3,1,1,RCC,11250,825,37.5,30.0,20000,68,21,100,62,31,27,458,81,1702,8629,17019000.0,6862500.0,27450000.0
457,2019,Madurai,2165,1732,1,Residential,Premium,4,4,1,1,RCC,7794,571,25.98,20.78,13856,45,28,69,43,21,19,387,72,1374,8167,11740292.72,4733989.0,18935956.0
458,2019,Coimbatore,1988,1591,3,Residential,Economy,3,3,1,1,RCC,7159,525,23.86,19.09,12728,78,23,63,39,19,17,467,72,2412,10983,7970273.6,3213820.0,12855280.0
459,2026,Coimbatore,3421,2737,2,Residential,Standard,4,4,1,1,RCC,12316,903,41.05,32.84,21896,89,13,109,68,34,30,389,60,1920,10141,16086991.2,6486690.0,25946760.0
460,2020,Madurai,1356,1085,2,Residential,Premium,1,1,1,1,RCC,4882,358,16.27,13.02,8680,75,28,43,27,13,12,379,72,2372,11488,7354629.1,2965576.25,11862305.0
461,2022,Salem,1032,826,1,Residential,Premium,4,4,1,1,RCC,3717,272,12.39,9.91,6608,63,13,33,20,10,9,430,78,2557,7032,5999997.92,2419354.0,9677416.0
462,2017,Madurai,1743,1395,3,Residential,Luxury,3,3,1,1,RCC,6277,460,20.93,16.74,11160,45,25,55,34,17,15,430,70,2533,8494,10897740.0,4394250.0,17577000.0
463,2025,Salem,2462,1970,1,Residential,Economy,2,2,1,1,RCC,8865,650,29.55,23.64,15760,88,16,78,49,24,21,406,74,1240,9865,8549800.0,3447500.0,13790000.0
464,2018,Salem,3722,2978,2,Residential,Economy,4,4,1,1,RCC,13401,982,44.67,35.74,23824,58,8,119,74,37,33,407,70,1337,9972,12924520.0,5211500.0,20846000.0
465,2015,Erode,1061,849,2,Residential,Premium,3,3,1,1,RCC,3820,280,12.73,10.19,6792,73,8,33,21,10,9,369,64,1629,7487,6029682.9,2431323.75,9725295.0
466,2011,Salem,1718,1375,1,Residential,Standard,3,3,1,1,RCC,6187,453,20.62,16.5,11000,58,11,55,34,17,15,453,81,1419,8178,6608580.0,2664750.0,10659000.0
467,2025,Tiruppur,1457,1166,1,Residential,Standard,4,4,1,1,RCC,5247,384,17.49,13.99,9328,74,21,46,29,14,12,371,78,1567,11890,4667171.52,1881924.0,7527696.0
468,2015,Chennai,1646,1317,2,Residential,Economy,1,1,1,1,RCC,5926,434,19.75,15.8,10536,29,8,52,32,16,14,401,80,2490,8380,4392985.2,1771365.0,7085460.0
469,2016,Trichy,1575,1260,2,Residential,Economy,2,2,1,1,RCC,5670,415,18.9,15.12,10080,70,29,50,31,15,14,385,69,1447,10559,4765320.0,1921500.0,7686000.0
470,2017,Salem,2665,2132,2,Residential,Premium,4,4,1,1,RCC,9594,703,31.98,25.58,17056,28,29,85,53,26,23,450,63,1539,8473,14796676.96,5966402.0,23865608.0
471,2011,Tiruppur,1778,1423,2,Residential,Luxury,1,1,1,1,RCC,6403,469,21.34,17.08,11384,81,25,56,35,17,15,461,76,1228,10699,12831589.44,5174028.0,20696112.0
472,2026,Coimbatore,3247,2598,1,Residential,Premium,5,4,1,1,RCC,11691,857,38.97,31.18,20784,31,25,103,64,32,28,426,62,2217,8433,17190030.72,6931464.0,27725856.0
473,2023,Erode,2962,2370,1,Residential,Economy,1,1,1,1,RCC,10665,782,35.55,28.44,18960,49,26,94,59,29,26,408,81,2557,10348,10550292.0,4254150.0,17016600.0
474,2022,Coimbatore,2708,2167,2,Residential,Standard,5,4,1,1,RCC,9751,715,32.5,26.0,17336,59,14,86,54,27,24,461,79,2458,7035,11285736.0,4550700.0,18202800.0
475,2015,Trichy,2670,2136,2,Residential,Premium,5,4,1,1,RCC,9612,704,32.04,25.63,17088,87,16,85,53,26,23,469,60,2207,7380,13441848.0,5420100.0,21680400.0
476,2026,Salem,1762,1410,2,Residential,Luxury,1,1,1,1,RCC,6345,465,21.15,16.92,11280,25,10,56,35,17,15,435,82,1473,7842,10731679.2,4327290.0,17309160.0
477,2018,Chennai,2926,2341,2,Residential,Luxury,1,1,1,1,RCC,10534,772,35.12,28.09,18728,82,28,93,58,29,26,407,61,1273,11045,20168932.32,8132634.0,32530536.0
478,2021,Coimbatore,2531,2025,1,Residential,Premium,1,1,1,1,RCC,9112,668,30.38,24.3,16200,90,24,81,50,25,22,427,71,2370,9274,12087954.0,4874175.0,19496700.0
479,2013,Chennai,3335,2668,3,Residential,Luxury,3,3,1,1,RCC,12006,880,40.02,32.02,21344,43,29,106,66,33,29,397,59,2432,11431,23522155.2,9484740.0,37938960.0
480,2026,Chennai,1671,1337,2,Residential,Standard,4,4,1,1,RCC,6016,441,20.05,16.04,10696,81,23,53,33,16,14,363,60,1367,7281,6604993.92,2663304.0,10653216.0
481,2019,Madurai,2102,1682,2,Residential,Luxury,5,4,1,1,RCC,7569,555,25.23,20.18,13456,48,12,67,42,21,18,442,82,1445,8523,10436742.72,4208364.0,16833456.0
482,2017,Salem,3560,2848,2,Residential,Standard,3,3,1,1,RCC,12816,939,42.72,34.18,22784,53,16,113,71,35,31,393,59,1652,8319,12925363.2,5211840.0,20847360.0
483,2013,Salem,2545,2036,1,Residential,Luxury,4,4,1,1,RCC,9162,671,30.54,24.43,16288,85,18,81,50,25,22,447,59,1985,8900,14269265.28,5753736.0,23014944.0
484,2015,Trichy,3371,2697,2,Residential,Standard,5,4,1,1,RCC,12136,890,40.45,32.36,21576,40,25,107,67,33,29,400,70,1543,8123,13323611.52,5372424.0,21489696.0
485,2013,Trichy,3407,2726,2,Residential,Premium,4,4,1,1,RCC,12267,899,40.89,32.71,21808,88,26,109,68,34,30,402,63,1902,7781,17595839.32,7095096.5,28380386.0
486,2019,Madurai,2882,2306,2,Residential,Standard,1,1,1,1,RCC,10377,760,34.59,27.67,18448,74,26,92,57,28,25,430,63,1842,7234,13553745.6,5465220.0,21860880.0
487,2024,Erode,2626,2101,1,Residential,Economy,4,4,1,1,RCC,9454,693,31.52,25.21,16808,72,26,84,52,26,23,459,79,1942,10937,8883868.4,3582205.0,14328820.0
488,2016,Madurai,2012,1610,3,Residential,Premium,2,2,1,1,RCC,7245,531,24.15,19.32,12880,62,30,64,40,20,17,391,80,2401,7527,9089609.2,3665165.0,14660660.0
489,2026,Trichy,3152,2522,1,Residential,Economy,2,2,1,1,RCC,11349,832,37.83,30.26,20176,40,15,100,63,31,28,445,61,1787,7825,9819659.2,3959540.0,15838160.0
490,2011,Salem,1988,1591,3,Residential,Economy,5,4,1,1,RCC,7159,525,23.86,19.09,12728,36,16,63,39,19,17,400,76,1218,11220,6549828.8,2641060.0,10564240.0
491,2016,Coimbatore,3127,2502,2,Residential,Standard,5,4,1,1,RCC,11259,825,37.53,30.02,20016,53,11,100,62,31,27,386,61,1747,11796,9679737.6,3903120.0,15612480.0
492,2012,Trichy,3638,2911,2,Residential,Luxury,4,4,1,1,RCC,13099,960,43.66,34.93,23288,79,11,116,72,36,32,466,81,1753,11213,16893115.2,6811740.0,27246960.0
493,2011,Salem,1756,1405,2,Residential,Economy,3,3,1,1,RCC,6322,463,21.07,16.86,11240,74,13,56,35,17,15,407,81,1948,11515,4529720.0,1826500.0,7306000.0
494,2015,Coimbatore,1682,1346,2,Residential,Premium,3,3,1,1,RCC,6057,444,20.19,16.15,10768,44,12,53,33,16,14,374,76,1455,8311,7163519.68,2888516.0,11554064.0
495,2023,Salem,2582,2066,3,Residential,Economy,5,4,1,1,RCC,9297,681,30.99,24.79,16528,26,9,82,51,25,22,390,71,1487,8939,10119268.0,4080350.0,16321400.0
496,2025,Trichy,1028,823,1,Residential,Standard,3,3,1,1,RCC,3703,271,12.34,9.88,6584,74,21,32,20,10,9,402,73,1285,8821,3404454.72,1372764.0,5491056.0
497,2015,Coimbatore,1250,1000,2,Residential,Standard,5,4,1,1,RCC,4500,330,15.0,12.0,8000,33,16,40,25,12,11,370,82,1879,7727,4002720.0,1614000.0,6456000.0
498,2012,Trichy,2733,2187,3,Residential,Luxury,1,1,1,1,RCC,9841,721,32.8,26.24,17496,82,15,87,54,27,24,447,62,1552,9501,16645519.44,6711903.0,26847612.0
499,2011,Salem,3211,2569,2,Residential,Luxury,1,1,1,1,RCC,11560,847,38.53,30.83,20552,40,28,102,64,32,28,455,63,2480,7478,17488724.4,7051905.0,28207620.0
500,2013,Trichy,2457,1966,3,Residential,Premium,1,1,1,1,RCC,8847,648,29.49,23.59,15728,49,24,78,49,24,21,411,63,1668,8716,9508794.92,3834191.5,15336766.0
501,2024,Chennai,3217,2574,2,Residential,Economy,4,4,1,1,RCC,11583,849,38.61,30.89,20592,53,29,102,64,32,28,410,61,1606,10341,10309384.8,4157010.0,16628040.0
502,2017,Madurai,1448,1159,3,Residential,Premium,3,3,1,1,RCC,5215,382,17.38,13.91,9272,67,15,46,28,14,12,364,70,2053,10528,7293587.0,2940962.5,11763850.0
503,2016,Madurai,1353,1083,1,Residential,Economy,1,1,1,1,RCC,4873,357,16.25,13.0,8664,37,20,43,27,13,12,424,79,2200,9072,3612454.8,1456635.0,5826540.0
504,2012,Trichy,1992,1594,1,Residential,Luxury,4,4,1,1,RCC,7173,526,23.91,19.13,12752,85,12,63,39,19,17,378,60,2190,10582,12132125.28,4891986.0,19567944.0
505,2012,Chennai,1650,1320,3,Residential,Standard,1,1,1,1,RCC,5940,435,19.8,15.84,10560,66,15,52,33,16,14,366,65,2393,9197,5283590.4,2130480.0,8521920.0
506,2015,Salem,2781,2225,1,Residential,Luxury,3,3,1,1,RCC,10012,734,33.38,26.7,17800,81,13,89,55,27,24,360,62,1387,11455,16487784.0,6648300.0,26593200.0
507,2013,Tiruppur,3205,2564,1,Residential,Premium,2,2,1,1,RCC,11538,846,38.46,30.77,20512,73,10,102,64,32,28,445,65,1207,8253,13230906.64,5335043.0,21340172.0
508,2024,Erode,1216,973,2,Residential,Premium,1,1,1,1,RCC,4378,321,14.59,11.68,7784,50,17,38,24,12,10,426,64,2189,9763,6123089.0,2468987.5,9875950.0
509,2026,Coimbatore,1646,1317,2,Residential,Standard,3,3,1,1,RCC,5926,434,19.75,15.8,10536,89,8,52,32,16,14,413,71,2560,11897,6506190.72,2623464.0,10493856.0
510,2013,Tiruppur,1948,1559,1,Residential,Premium,5,4,1,1,RCC,7015,514,23.38,18.71,12472,82,19,62,38,19,17,426,73,1709,11184,9306232.24,3752513.0,15010052.0
511,2011,Tiruppur,2920,2336,3,Residential,Premium,3,3,1,1,RCC,10512,770,35.04,28.03,18688,57,23,93,58,29,25,401,81,2596,8744,15456471.04,6232448.0,24929792.0
512,2012,Tiruppur,3313,2651,2,Residential,Luxury,3,3,1,1,RCC,11929,874,39.77,31.81,21208,71,28,106,66,33,29,386,65,2085,9095,21242144.88,8565381.0,34261524.0
513,2020,Madurai,2875,2300,3,Residential,Premium,1,1,1,1,RCC,10350,759,34.5,27.6,18400,77,9,92,57,28,25,415,77,2274,9502,11124226.0,4485575.0,17942300.0
514,2015,Salem,2173,1739,2,Residential,Luxury,3,3,1,1,RCC,7825,573,26.08,20.87,13912,38,19,69,43,21,19,385,66,2197,7354,11139755.76,4491837.0,17967348.0
515,2023,Coimbatore,1671,1337,2,Residential,Luxury,4,4,1,1,RCC,6016,441,20.05,16.04,10696,65,12,53,33,16,14,442,63,1523,9885,10176067.44,4103253.0,16413012.0
516,2015,Chennai,2437,1950,1,Residential,Premium,2,2,1,1,RCC,8775,643,29.25,23.4,15600,79,21,78,48,24,21,384,62,1967,11171,9431409.0,3802987.5,15211950.0
517,2022,Trichy,1610,1288,1,Residential,Luxury,3,3,1,1,RCC,5796,425,19.32,15.46,10304,57,8,51,32,16,14,410,70,1580,10107,11614256.64,4683168.0,18732672.0
518,2020,Coimbatore,1056,845,3,Residential,Economy,3,3,1,1,RCC,3802,278,12.67,10.14,6760,29,27,33,21,10,9,451,64,1623,7166,3667300.0,1478750.0,5915000.0
519,2017,Salem,2186,1749,2,Residential,Standard,1,1,1,1,RCC,7870,577,26.23,20.99,13992,66,11,69,43,21,19,364,76,1866,11227,8406113.76,3389562.0,13558248.0
520,2016,Salem,1460,1168,3,Residential,Economy,4,4,1,1,RCC,5256,385,17.52,14.02,9344,64,21,46,29,14,12,406,58,1667,7950,4678073.6,1886320.0,7545280.0
521,2020,Trichy,2698,2159,2,Residential,Luxury,2,2,1,1,RCC,9715,712,32.38,25.91,17272,55,20,86,53,26,23,441,59,2264,11506,15565008.24,6276213.0,25104852.0
522,2010,Chennai,2555,2044,2,Residential,Luxury,4,4,1,1,RCC,9198,674,30.66,24.53,16352,73,22,81,51,25,22,389,77,2479,8435,17610122.88,7100856.0,28403424.0
523,2018,Tiruppur,3403,2723,3,Residential,Standard,4,4,1,1,RCC,12253,898,40.84,32.68,21784,81,10,108,68,34,30,399,72,1635,7017,11628734.88,4689006.0,18756024.0
524,2010,Salem,1345,1076,1,Residential,Standard,1,1,1,1,RCC,4842,355,16.14,12.91,8608,77,24,43,26,13,11,418,67,1912,11227,5747905.92,2317704.0,9270816.0
525,2026,Salem,2886,2309,3,Residential,Economy,2,2,1,1,RCC,10390,761,34.63,27.71,18472,39,19,92,57,28,25,397,75,1629,8806,11567166.4,4664180.0,18656720.0
526,2012,Trichy,2983,2387,2,Residential,Premium,3,3,1,1,RCC,10741,787,35.8,28.64,19096,72,11,95,59,29,26,406,79,2289,9683,14635126.66,5901260.75,23605043.0
527,2023,Chennai,1703,1363,2,Residential,Premium,1,1,1,1,RCC,6133,449,20.45,16.36,10904,71,15,54,34,17,15,411,58,1531,8619,7474555.7,3013933.75,12055735.0
528,2017,Coimbatore,3721,2977,2,Residential,Luxury,3,3,1,1,RCC,13396,982,44.66,35.72,23816,83,13,119,74,37,33,466,69,1319,7235,22060284.48,8895276.0,35581104.0
529,2025,Trichy,2927,2342,1,Residential,Luxury,3,3,1,1,RCC,10539,772,35.13,28.1,18736,85,14,93,58,29,26,429,63,1338,8429,14061555.36,5669982.0,22679928.0
530,2026,Tiruppur,1952,1562,2,Residential,Standard,5,4,1,1,RCC,7029,515,23.43,18.74,12496,65,17,62,39,19,17,430,75,1474,10959,7088980.8,2858460.0,11433840.0
531,2016,Trichy,1568,1255,1,Residential,Premium,3,3,1,1,RCC,5647,414,18.82,15.06,10040,53,29,50,31,15,13,416,81,1854,11642,7694630.9,3102673.75,12410695.0
532,2011,Erode,1646,1317,2,Residential,Luxury,4,4,1,1,RCC,5926,434,19.75,15.8,10536,38,10,52,32,16,14,438,77,1267,11849,8965609.2,3615165.0,14460660.0
533,2015,Tiruppur,3621,2897,3,Residential,Premium,2,2,1,1,RCC,13036,956,43.45,34.76,23176,27,8,115,72,36,32,439,65,2101,7712,14480480.68,5838903.5,23355614.0
534,2020,Erode,3323,2659,3,Residential,Standard,2,2,1,1,RCC,11965,877,39.88,31.91,21272,68,27,106,66,33,29,363,62,1889,10053,12423698.88,5009556.0,20038224.0
535,2015,Erode,1337,1070,1,Residential,Economy,1,1,1,1,RCC,4815,353,16.05,12.84,8560,62,29,42,26,13,11,395,67,1378,8678,3569092.0,1439150.0,5756600.0
536,2019,Coimbatore,3253,2603,3,Residential,Economy,3,3,1,1,RCC,11713,858,39.05,31.24,20824,64,10,104,65,32,28,444,75,2191,11920,8682566.8,3501035.0,14004140.0
537,2024,Tiruppur,1733,1387,2,Residential,Luxury,5,4,1,1,RCC,6241,457,20.8,16.64,11096,50,15,55,34,17,15,395,66,2245,9029,11392485.12,4593744.0,18374976.0
538,2017,Chennai,1681,1345,3,Residential,Luxury,3,3,1,1,RCC,6052,443,20.18,16.14,10760,52,22,53,33,16,14,461,69,2145,11176,8075487.6,3256245.0,13024980.0
539,2022,Coimbatore,2781,2225,3,Residential,Economy,4,4,1,1,RCC,10012,734,33.38,26.7,17800,45,19,89,55,27,24,423,81,2547,10326,9904810.0,3993875.0,15975500.0
540,2025,Trichy,1800,1440,3,Residential,Luxury,2,2,1,1,RCC,6480,475,21.6,17.28,11520,51,14,57,36,18,16,443,81,1709,9894,9802944.0,3952800.0,15811200.0
541,2025,Madurai,1482,1186,2,Residential,Premium,3,3,1,1,RCC,5337,391,17.79,14.23,9488,73,26,47,29,14,13,434,64,1846,10582,6120068.36,2467769.5,9871078.0
542,2015,Madurai,1008,807,2,Residential,Standard,3,3,1,1,RCC,3631,266,12.11,9.68,6456,37,29,32,20,10,8,415,72,2094,10578,3554415.36,1433232.0,5732928.0
543,2026,Coimbatore,1967,1574,1,Residential,Luxury,2,2,1,1,RCC,7083,519,23.61,18.89,12592,65,15,62,39,19,17,442,71,1994,9273,10715162.4,4320630.0,17282520.0
544,2025,Trichy,1761,1409,1,Residential,Standard,2,2,1,1,RCC,6340,464,21.13,16.91,11272,49,22,56,35,17,15,442,74,2195,7812,6394605.6,2578470.0,10313880.0
545,2023,Coimbatore,1085,868,1,Residential,Economy,4,4,1,1,RCC,3906,286,13.02,10.42,6944,64,28,34,21,10,9,453,77,1667,11692,3089038.4,1245580.0,4982320.0
546,2025,Tiruppur,1880,1504,3,Residential,Premium,3,3,1,1,RCC,6768,496,22.56,18.05,12032,33,28,60,37,18,16,380,80,1828,8256,7761031.04,3129448.0,12517792.0
547,2016,Coimbatore,2292,1834,3,Residential,Economy,1,1,1,1,RCC,8253,605,27.51,22.01,14672,51,10,73,45,22,20,392,66,1376,9153,6117490.4,2466730.0,9866920.0
548,2024,Coimbatore,3505,2804,1,Residential,Economy,3,3,1,1,RCC,12618,925,42.06,33.65,22432,72,15,112,70,35,31,460,81,2046,7934,11856433.6,4780820.0,19123280.0
549,2024,Erode,2143,1715,1,Residential,Premium,1,1,1,1,RCC,7717,565,25.72,20.58,13720,87,8,68,42,21,19,388,64,1918,7300,8849845.9,3568486.25,14273945.0
550,2019,Salem,2603,2083,2,Residential,Luxury,4,4,1,1,RCC,9373,687,31.24,25.0,16664,34,27,83,52,26,23,463,74,2102,10580,15017096.88,6055281.0,24221124.0
551,2023,Coimbatore,3717,2974,2,Residential,Standard,3,3,1,1,RCC,13383,981,44.61,35.69,23792,31,25,118,74,37,33,387,72,2377,9007,16683426.24,6727188.0,26908752.0
552,2010,Chennai,3603,2883,1,Residential,Premium,1,1,1,1,RCC,12973,951,43.24,34.6,23064,58,28,115,72,36,32,422,78,1523,8578,19542300.18,7879959.75,31519839.0
553,2014,Erode,3406,2725,1,Residential,Luxury,3,3,1,1,RCC,12262,899,40.88,32.7,21800,75,29,109,68,34,30,360,79,1806,7179,19098108.0,7700850.0,30803400.0
554,2012,Coimbatore,2955,2364,2,Residential,Standard,3,3,1,1,RCC,10638,780,35.46,28.37,18912,31,29,94,59,29,26,370,67,1288,9419,12311712.0,4964400.0,19857600.0
555,2012,Madurai,2565,2052,3,Residential,Economy,2,2,1,1,RCC,9234,677,30.78,24.62,16416,28,19,82,51,25,22,450,63,2461,10235,7073654.4,2852280.0,11409120.0
556,2026,Salem,3566,2853,3,Residential,Economy,4,4,1,1,RCC,12838,941,42.8,34.24,22824,63,23,114,71,35,31,416,70,1418,10566,10153256.4,4094055.0,16376220.0
557,2022,Salem,2167,1734,2,Residential,Premium,2,2,1,1,RCC,7803,572,26.01,20.81,13872,60,11,69,43,21,19,435,59,2534,10677,12315041.4,4965742.5,19862970.0
558,2018,Madurai,2343,1875,1,Residential,Luxury,2,2,1,1,RCC,8437,618,28.12,22.5,15000,44,27,75,46,23,20,426,63,2071,8217,15400800.0,6210000.0,24840000.0
559,2012,Chennai,2396,1917,1,Residential,Economy,1,1,1,1,RCC,8626,632,28.75,23.0,15336,81,29,76,47,23,21,461,67,2400,10603,8961591.6,3613545.0,14454180.0
560,2026,Erode,1322,1058,1,Residential,Luxury,1,1,1,1,RCC,4761,349,15.87,12.7,8464,27,20,42,26,13,11,406,62,2169,7726,8052564.96,3247002.0,12988008.0
561,2012,Trichy,1080,864,1,Residential,Standard,2,2,1,1,RCC,3888,285,12.96,10.37,6912,49,27,34,21,10,9,426,60,1480,9372,3574056.96,1441152.0,5764608.0
562,2011,Trichy,3133,2507,2,Residential,Standard,3,3,1,1,RCC,11281,827,37.6,30.08,20056,37,25,100,62,31,27,444,71,1825,11895,13056456.0,5264700.0,21058800.0
563,2016,Trichy,1298,1039,1,Residential,Luxury,1,1,1,1,RCC,4675,342,15.58,12.47,8312,60,29,41,25,12,11,423,67,1582,11705,6446953.44,2599578.0,10398312.0
564,2019,Trichy,3237,2590,1,Residential,Luxury,3,3,1,1,RCC,11655,854,38.85,31.08,20720,60,28,103,64,32,28,442,74,1375,7771,20233080.0,8158500.0,32634000.0
565,2013,Madurai,3643,2915,2,Residential,Standard,3,3,1,1,RCC,13117,961,43.73,34.98,23320,90,24,116,72,36,32,397,81,1830,10062,15571696.8,6278910.0,25115640.0
566,2023,Salem,2266,1813,2,Residential,Premium,5,4,1,1,RCC,8158,598,27.2,21.76,14504,57,27,72,45,22,20,462,64,1476,11486,10529070.02,4245592.75,16982371.0
567,2015,Madurai,1655,1324,3,Residential,Economy,1,1,1,1,RCC,5958,436,19.86,15.89,10592,58,30,52,33,16,14,438,64,2017,10789,5450643.2,2197840.0,8791360.0
568,2015,Salem,1890,1512,3,Residential,Premium,1,1,1,1,RCC,6804,498,22.68,18.14,12096,78,9,60,37,18,16,384,70,2000,10480,7802313.12,3146094.0,12584376.0
569,2022,Trichy,2001,1601,2,Residential,Premium,5,4,1,1,RCC,7204,528,24.02,19.21,12808,75,14,64,40,20,17,409,62,2249,9765,10593240.64,4271468.0,17085872.0
570,2015,Tiruppur,3383,2707,1,Residential,Standard,1,1,1,1,RCC,12181,893,40.6,32.48,21656,71,16,108,67,33,30,460,72,2173,9723,11197884.48,4515276.0,18061104.0
571,2015,Chennai,2598,2079,3,Residential,Standard,3,3,1,1,RCC,9355,686,31.18,24.95,16632,44,26,83,51,25,23,427,64,2179,9757,9435333.6,3804570.0,15218280.0
572,2020,Tiruppur,1523,1219,3,Residential,Standard,2,2,1,1,RCC,5485,402,18.29,14.63,9752,61,17,48,30,15,13,370,66,1621,10234,5858806.56,2362422.0,9449688.0
573,2010,Salem,1061,849,2,Residential,Luxury,2,2,1,1,RCC,3820,280,12.73,10.19,6792,73,8,33,21,10,9,372,65,2025,9072,7314576.48,2949426.0,11797704.0
574,2023,Trichy,2231,1785,1,Residential,Economy,5,4,1,1,RCC,8032,589,26.77,21.42,14280,89,10,71,44,22,19,391,72,1787,8744,8543724.0,3445050.0,13780200.0
575,2010,Erode,1298,1039,2,Residential,Economy,5,4,1,1,RCC,4675,342,15.58,12.47,8312,87,25,41,25,12,11,378,70,1516,11421,3697593.2,1490965.0,5963860.0
576,2016,Chennai,3368,2695,2,Residential,Luxury,3,3,1,1,RCC,12127,889,40.42,32.34,21560,67,27,107,67,33,29,415,64,1793,11642,18346482.0,7397775.0,29591100.0
577,2013,Chennai,2668,2135,1,Residential,Premium,5,4,1,1,RCC,9607,704,32.02,25.62,17080,67,16,85,53,26,23,450,81,2522,9131,15508469.2,6253415.0,25013660.0
578,2024,Salem,2402,1922,2,Residential,Luxury,5,4,1,1,RCC,8649,634,28.83,23.06,15376,65,11,76,48,24,21,448,77,1558,7928,16559029.44,6677028.0,26708112.0
579,2016,Salem,2270,1816,3,Residential,Standard,2,2,1,1,RCC,8172,599,27.24,21.79,14528,67,14,72,45,22,20,402,81,2112,10948,7998535.68,3225216.0,12900864.0
580,2024,Chennai,1237,990,3,Residential,Economy,2,2,1,1,RCC,4455,326,14.85,11.88,7920,33,22,39,24,12,11,363,58,2184,10375,3744180.0,1509750.0,6039000.0
581,2011,Trichy,3581,2865,1,Residential,Standard,4,4,1,1,RCC,12892,945,42.98,34.38,22920,77,15,114,71,35,31,403,67,2491,11026,12618835.2,5088240.0,20352960.0
582,2011,Trichy,3127,2502,2,Residential,Economy,1,1,1,1,RCC,11259,825,37.53,30.02,20016,80,14,100,62,31,27,388,68,1224,7219,10858680.0,4378500.0,17514000.0
583,2021,Tiruppur,1480,1184,1,Residential,Luxury,4,4,1,1,RCC,5328,390,17.76,14.21,9472,37,26,47,29,14,13,408,76,1846,7102,10438617.6,4209120.0,16836480.0
584,2025,Trichy,2962,2370,3,Residential,Luxury,3,3,1,1,RCC,10665,782,35.55,28.44,18960,73,11,94,59,29,26,422,61,2028,7837,14705755.2,5929740.0,23718960.0
585,2025,Tiruppur,3548,2839,3,Residential,Economy,4,4,1,1,RCC,12775,936,42.59,34.07,22712,63,9,113,70,35,31,437,71,2561,11884,10103433.2,4073965.0,16295860.0
586,2021,Trichy,2415,1932,3,Residential,Luxury,1,1,1,1,RCC,8694,637,28.98,23.18,15456,84,20,77,48,24,21,373,67,2487,11942,13928483.52,5616324.0,22465296.0
587,2010,Salem,1268,1015,2,Residential,Standard,3,3,1,1,RCC,4567,334,15.22,12.18,8120,83,25,40,25,12,11,441,81,2388,8198,5557977.6,2241120.0,8964480.0
588,2010,Coimbatore,3446,2757,2,Residential,Economy,5,4,1,1,RCC,12406,909,41.35,33.08,22056,66,30,110,68,34,30,449,59,1700,7253,11657698.8,4700685.0,18802740.0
589,2026,Trichy,1842,1474,2,Residential,Luxury,2,2,1,1,RCC,6633,486,22.11,17.69,11792,66,27,58,36,18,16,435,62,1406,9025,10626596.64,4284918.0,17139672.0
590,2024,Coimbatore,3248,2599,3,Residential,Premium,4,4,1,1,RCC,11695,857,38.98,31.19,20792,61,19,103,64,32,28,362,74,1754,11039,13832085.92,5577454.0,22309816.0
591,2012,Madurai,1267,1014,1,Residential,Economy,2,2,1,1,RCC,4563,334,15.21,12.17,8112,67,10,40,25,12,11,379,70,1474,9487,4627084.8,1865760.0,7463040.0
592,2014,Salem,1206,965,3,Residential,Luxury,1,1,1,1,RCC,4342,318,14.47,11.58,7720,40,14,38,24,12,10,379,67,1669,7008,8701675.2,3508740.0,14034960.0
593,2026,Tiruppur,1277,1022,2,Residential,Standard,1,1,1,1,RCC,4599,337,15.33,12.26,8176,66,12,40,25,12,11,383,68,2599,10216,5870040.96,2366952.0,9467808.0
594,2018,Trichy,1743,1395,3,Residential,Luxury,5,4,1,1,RCC,6277,460,20.93,16.74,11160,48,12,55,34,17,15,438,69,1511,8984,10337284.8,4168260.0,16673040.0
595,2010,Madurai,1103,883,3,Residential,Standard,1,1,1,1,RCC,3973,291,13.24,10.6,7064,66,11,35,22,11,9,454,67,2589,10823,4480412.64,1806618.0,7226472.0
596,2022,Coimbatore,1816,1453,2,Residential,Economy,1,1,1,1,RCC,6538,479,21.79,17.44,11624,45,14,58,36,18,16,369,82,1213,7748,6468174.8,2608135.0,10432540.0
597,2011,Tiruppur,3053,2443,1,Residential,Standard,2,2,1,1,RCC,10993,806,36.64,29.32,19544,77,28,97,61,30,27,417,61,1263,10251,14031810.24,5657988.0,22631952.0
598,2024,Trichy,2743,2195,1,Residential,Luxury,2,2,1,1,RCC,9877,724,32.92,26.34,17560,71,30,87,54,27,24,468,62,1988,7548,17588271.6,7092045.0,28368180.0
599,2016,Salem,2498,1999,2,Residential,Premium,3,3,1,1,RCC,8995,659,29.98,23.99,15992,66,22,79,49,24,22,396,64,2507,10937,10315359.74,4159419.25,16637677.0
600,2024,Chennai,2553,2043,2,Residential,Economy,5,4,1,1,RCC,9193,674,30.64,24.52,16344,81,21,81,51,25,22,392,73,1729,10236,7270628.4,2931705.0,11726820.0
601,2023,Coimbatore,1527,1222,1,Residential,Standard,5,4,1,1,RCC,5499,403,18.33,14.66,9776,25,23,48,30,15,13,408,68,1970,8011,7346077.44,2962128.0,11848512.0
602,2026,Coimbatore,1431,1145,2,Residential,Premium,2,2,1,1,RCC,5152,377,17.18,13.74,9160,61,18,45,28,14,12,417,72,1789,11829,7761336.7,3129571.25,12518285.0
603,2018,Erode,3446,2757,3,Residential,Standard,5,4,1,1,RCC,12406,909,41.35,33.08,22056,89,8,110,68,34,30,412,80,1251,9249,12512368.8,5045310.0,20181240.0
604,2010,Salem,3745,2996,2,Residential,Standard,3,3,1,1,RCC,13482,988,44.94,35.95,23968,77,14,119,74,37,33,449,79,1389,7729,16806840.96,6776952.0,27107808.0
605,2021,Trichy,2132,1706,2,Residential,Standard,4,4,1,1,RCC,7677,562,25.59,20.47,13648,83,28,68,42,21,18,415,69,1996,7880,9570250.56,3858972.0,15435888.0
606,2023,Erode,2155,1724,1,Residential,Economy,3,3,1,1,RCC,7758,568,25.86,20.69,13792,69,26,68,43,21,19,413,78,1551,8964,8251753.6,3327320.0,13309280.0
607,2022,Madurai,3596,2877,3,Residential,Premium,4,4,1,1,RCC,12946,949,43.16,34.52,23016,88,22,115,71,35,31,364,73,2353,11186,17173848.72,6924939.0,27699756.0
608,2021,Madurai,2058,1647,3,Residential,Standard,1,1,1,1,RCC,7411,543,24.7,19.76,13176,35,14,65,41,20,18,390,73,1811,10617,6592479.84,2658258.0,10633032.0
609,2015,Erode,3095,2476,3,Residential,Economy,1,1,1,1,RCC,11142,817,37.14,29.71,19808,51,30,99,61,30,27,371,70,1512,11322,8535267.2,3441640.0,13766560.0
610,2023,Coimbatore,2545,2036,2,Residential,Standard,1,1,1,1,RCC,9162,671,30.54,24.43,16288,40,9,81,50,25,22,370,73,1865,7280,10603488.0,4275600.0,17102400.0
611,2017,Madurai,3062,2450,3,Residential,Premium,3,3,1,1,RCC,11025,808,36.75,29.4,19600,48,22,98,61,30,27,383,63,2128,9847,17003686.0,6856325.0,27425300.0
612,2019,Madurai,1686,1349,3,Residential,Economy,4,4,1,1,RCC,6070,445,20.23,16.19,10792,60,25,53,33,16,14,390,78,1405,11545,5252466.4,2117930.0,8471720.0
613,2010,Salem,2711,2169,2,Residential,Premium,2,2,1,1,RCC,9760,715,32.53,26.03,17352,80,28,86,54,27,24,452,69,1817,11089,10139641.2,4088565.0,16354260.0
614,2021,Trichy,2188,1751,3,Residential,Premium,2,2,1,1,RCC,7879,577,26.27,21.01,14008,86,26,70,43,21,19,405,80,1975,7679,9885655.72,3986151.5,15944606.0
615,2025,Coimbatore,1050,840,3,Residential,Luxury,1,1,1,1,RCC,3780,277,12.6,10.08,6720,80,28,33,21,10,9,430,77,1628,11008,6562080.0,2646000.0,10584000.0
616,2010,Erode,1186,949,2,Residential,Premium,2,2,1,1,RCC,4270,313,14.23,11.39,7592,58,17,37,23,11,10,445,80,1480,10630,6739892.9,2717698.75,10870795.0
617,2016,Madurai,2053,1643,2,Residential,Luxury,5,4,1,1,RCC,7393,542,24.64,19.72,13144,75,18,65,41,20,18,362,61,1807,9854,11184886.8,4510035.0,18040140.0
618,2019,Chennai,1988,1591,3,Residential,Standard,2,2,1,1,RCC,7159,525,23.86,19.09,12728,72,26,63,39,19,17,378,61,1821,9062,8925128.16,3598842.0,14395368.0
619,2020,Madurai,3636,2909,2,Residential,Luxury,3,3,1,1,RCC,13090,959,43.63,34.91,23272,26,15,116,72,36,32,402,65,1857,8625,22140748.08,8927721.0,35710884.0
620,2019,Chennai,3202,2562,2,Residential,Economy,3,3,1,1,RCC,11529,845,38.43,30.74,20496,90,16,102,64,32,28,377,64,1948,7955,10833160.8,4368210.0,17472840.0
621,2018,Chennai,2880,2304,2,Residential,Standard,1,1,1,1,RCC,10368,760,34.56,27.65,18432,82,23,92,57,28,25,399,69,2277,11237,12924887.04,5211648.0,20846592.0
622,2025,Salem,1217,974,2,Residential,Premium,4,4,1,1,RCC,4383,321,14.61,11.69,7792,67,12,38,24,12,10,391,66,2445,7807,5341318.6,2153757.5,8615030.0
623,2026,Coimbatore,2205,1764,1,Residential,Economy,2,2,1,1,RCC,7938,582,26.46,21.17,14112,41,25,70,44,22,19,447,73,1917,11082,6868310.4,2769480.0,11077920.0
624,2023,Trichy,2911,2329,3,Residential,Standard,1,1,1,1,RCC,10480,768,34.93,27.95,18632,85,14,93,58,29,25,365,80,1903,7337,11193732.96,4513602.0,18054408.0
625,2014,Trichy,1437,1150,2,Residential,Economy,3,3,1,1,RCC,5175,379,17.25,13.8,9200,47,28,46,28,14,12,372,74,2475,8217,5632700.0,2271250.0,9085000.0
626,2025,Chennai,2925,2340,1,Residential,Standard,3,3,1,1,RCC,10530,772,35.1,28.08,18720,86,18,93,58,29,26,460,70,1624,9816,12186720.0,4914000.0,19656000.0
627,2026,Chennai,1101,881,2,Residential,Standard,4,4,1,1,RCC,3964,290,13.21,10.57,7048,83,15,35,22,11,9,436,82,1404,9760,4116313.92,1659804.0,6639216.0
628,2012,Salem,1765,1412,1,Residential,Premium,2,2,1,1,RCC,6354,465,21.18,16.94,11296,38,25,56,35,17,15,365,67,2480,10149,9114205.84,3675083.0,14700332.0
629,2010,Coimbatore,3368,2695,2,Residential,Premium,3,3,1,1,RCC,12127,889,40.42,32.34,21560,87,13,107,67,33,29,370,64,1905,11764,16523530.1,6662713.75,26650855.0
630,2011,Trichy,3176,2541,1,Residential,Economy,1,1,1,1,RCC,11434,838,38.12,30.49,20328,41,8,101,63,31,28,427,73,2098,11874,12729393.6,5132820.0,20531280.0
631,2026,Chennai,2295,1836,2,Residential,Luxury,1,1,1,1,RCC,8262,605,27.54,22.03,14688,59,12,73,45,22,20,419,64,1629,8991,13605200.64,5485968.0,21943872.0
632,2025,Salem,1750,1400,1,Residential,Premium,5,4,1,1,RCC,6300,462,21.0,16.8,11200,71,8,56,35,17,15,415,71,1316,11145,7450912.0,3004400.0,12017600.0
633,2014,Salem,1533,1227,2,Residential,Economy,5,4,1,1,RCC,5521,404,18.4,14.72,9816,87,13,49,30,15,13,378,82,2249,10309,5599046.4,2257680.0,9030720.0
634,2012,Coimbatore,1672,1338,3,Residential,Premium,4,4,1,1,RCC,6021,441,20.07,16.06,10704,39,22,53,33,16,14,442,69,2367,7802,7987003.68,3220566.0,12882264.0
635,2016,Coimbatore,3617,2894,3,Residential,Standard,5,4,1,1,RCC,13023,955,43.41,34.73,23152,27,10,115,72,36,32,402,65,1841,8871,17397338.88,7015056.0,28060224.0
636,2012,Salem,1633,1307,1,Residential,Standard,4,4,1,1,RCC,5881,431,19.61,15.68,10456,86,29,52,32,16,14,449,81,1632,10342,5231555.04,2109498.0,8437992.0
637,2025,Coimbatore,2543,2035,3,Residential,Standard,2,2,1,1,RCC,9157,671,30.52,24.42,16280,30,19,81,50,25,22,431,64,1884,7969,11688388.8,4713060.0,18852240.0
638,2026,Tiruppur,2075,1660,2,Residential,Economy,1,1,1,1,RCC,7470,547,24.9,19.92,13280,43,29,66,41,20,18,442,59,2543,9203,7204400.0,2905000.0,11620000.0
639,2014,Madurai,1036,829,2,Residential,Luxury,5,4,1,1,RCC,3730,273,12.43,9.95,6632,79,28,33,20,10,9,413,60,2085,8967,4977382.32,2007009.0,8028036.0
640,2023,Madurai,3658,2927,2,Residential,Luxury,5,4,1,1,RCC,13171,965,43.91,35.12,23416,72,17,117,73,36,32,437,60,2102,7138,19337869.44,7797528.0,31190112.0
641,2024,Coimbatore,2655,2124,3,Residential,Luxury,1,1,1,1,RCC,9558,700,31.86,25.49,16992,40,19,84,53,26,23,364,65,2357,7125,18726033.6,7550820.0,30203280.0
642,2011,Coimbatore,1773,1419,1,Residential,Luxury,3,3,1,1,RCC,6385,468,21.29,17.03,11352,55,22,56,35,17,15,392,80,2161,10639,11085228.0,4469850.0,17879400.0
643,2013,Madurai,2983,2387,1,Residential,Standard,2,2,1,1,RCC,10741,787,35.8,28.64,19096,83,12,95,59,29,26,367,71,1641,7561,12751163.04,5141598.0,20566392.0
644,2013,Erode,3278,2623,3,Residential,Luxury,5,4,1,1,RCC,11803,865,39.34,31.48,20984,26,21,104,65,32,29,412,65,2230,7997,17329426.56,6987672.0,27950688.0
645,2012,Salem,2171,1737,2,Residential,Standard,3,3,1,1,RCC,7816,573,26.05,20.84,13896,48,24,69,43,21,19,402,81,1333,9682,9046296.0,3647700.0,14590800.0
646,2026,Madurai,1096,877,1,Residential,Luxury,3,3,1,1,RCC,3946,289,13.15,10.52,7016,29,22,35,21,10,9,375,68,2347,8681,5970265.2,2407365.0,9629460.0
647,2018,Madurai,1875,1500,2,Residential,Standard,5,4,1,1,RCC,6750,495,22.5,18.0,12000,60,22,60,37,18,16,460,81,1519,9401,9017280.0,3636000.0,14544000.0
648,2016,Salem,2341,1873,3,Residential,Standard,4,4,1,1,RCC,8428,618,28.09,22.48,14984,41,14,74,46,23,20,452,68,1555,10236,8500423.2,3427590.0,13710360.0
649,2021,Chennai,2561,2049,2,Residential,Luxury,4,4,1,1,RCC,9220,676,30.73,24.59,16392,79,28,81,51,25,22,392,63,2275,9732,13537169.28,5458536.0,21834144.0
650,2021,Erode,2058,1647,2,Residential,Standard,3,3,1,1,RCC,7411,543,24.7,19.76,13176,83,24,65,41,20,18,427,77,1623,8125,7254178.56,2925072.0,11700288.0
651,2023,Coimbatore,1906,1525,3,Residential,Premium,3,3,1,1,RCC,6862,503,22.88,18.3,12200,33,16,61,38,19,16,371,64,1423,9431,7129070.0,2874625.0,11498500.0
652,2018,Tiruppur,3556,2845,2,Residential,Standard,5,4,1,1,RCC,12802,938,42.67,34.14,22760,69,29,113,71,35,31,461,80,1311,11635,14435757.6,5820870.0,23283480.0
653,2018,Tiruppur,1580,1264,3,Residential,Economy,1,1,1,1,RCC,5688,417,18.96,15.17,10112,35,28,50,31,15,14,434,71,1594,8983,4780448.0,1927600.0,7710400.0
654,2019,Madurai,3502,2802,3,Residential,Luxury,3,3,1,1,RCC,12609,924,42.03,33.62,22416,40,20,112,70,35,31,443,82,1929,11530,16823432.16,6783642.0,27134568.0
655,2019,Madurai,2520,2016,3,Residential,Standard,1,1,1,1,RCC,9072,665,30.24,24.19,16128,59,27,80,50,25,22,371,65,1288,7695,10499328.0,4233600.0,16934400.0
656,2020,Madurai,2955,2364,2,Residential,Standard,5,4,1,1,RCC,10638,780,35.46,28.37,18912,56,28,94,59,29,26,381,78,2545,11228,13261472.64,5347368.0,21389472.0
657,2010,Coimbatore,3613,2891,2,Residential,Economy,2,2,1,1,RCC,13009,954,43.36,34.69,23128,72,24,115,72,36,32,425,73,1478,11535,10933762.0,4408775.0,17635100.0
658,2021,Tiruppur,3146,2517,3,Residential,Standard,4,4,1,1,RCC,11326,830,37.75,30.2,20136,36,8,100,62,31,27,443,68,1493,7210,10074846.24,4062438.0,16249752.0
659,2013,Trichy,1306,1045,1,Residential,Premium,2,2,1,1,RCC,4702,344,15.67,12.54,8360,45,21,41,26,13,11,443,62,2311,9418,6407083.1,2583501.25,10334005.0
660,2024,Salem,2633,2107,1,Residential,Luxury,2,2,1,1,RCC,9481,695,31.61,25.28,16856,48,12,84,52,26,23,398,70,1477,11517,14343613.2,5783715.0,23134860.0
661,2012,Trichy,2658,2127,3,Residential,Luxury,2,2,1,1,RCC,9571,701,31.9,25.52,17016,67,27,85,53,26,23,418,81,1393,11388,17043395.76,6872337.0,27489348.0
662,2020,Madurai,1601,1281,3,Residential,Economy,3,3,1,1,RCC,5764,422,19.21,15.37,10248,77,8,51,32,16,14,428,61,1406,8475,4701782.4,1895880.0,7583520.0
663,2018,Erode,3157,2526,2,Residential,Economy,3,3,1,1,RCC,11367,833,37.89,30.31,20208,40,19,101,63,31,28,404,68,2534,8258,9271430.4,3738480.0,14953920.0
664,2020,Erode,3338,2671,2,Residential,Premium,1,1,1,1,RCC,12019,881,40.06,32.05,21368,90,11,106,66,33,29,455,68,1313,9893,16376381.78,6603379.75,26413519.0
665,2018,Coimbatore,3716,2973,2,Residential,Premium,3,3,1,1,RCC,13378,981,44.59,35.68,23784,34,17,118,74,37,33,440,60,1599,10527,20633452.44,8319940.5,33279762.0
666,2023,Trichy,1200,960,1,Residential,Premium,5,4,1,1,RCC,4320,316,14.4,11.52,7680,36,12,38,24,12,10,391,61,2592,8136,5264544.0,2122800.0,8491200.0
667,2011,Coimbatore,3262,2610,3,Residential,Economy,5,4,1,1,RCC,11745,861,39.15,31.32,20880,26,15,104,65,32,29,456,82,1512,10091,10453572.0,4215150.0,16860600.0
668,2018,Chennai,3720,2976,1,Residential,Luxury,2,2,1,1,RCC,13392,982,44.64,35.71,23808,54,29,119,74,37,33,400,67,2344,10987,26237606.4,10579680.0,42318720.0
669,2014,Trichy,1177,942,2,Residential,Standard,4,4,1,1,RCC,4239,310,14.13,11.3,7536,67,28,37,23,11,10,360,80,2202,11521,5410546.56,2181672.0,8726688.0
670,2021,Trichy,1761,1409,1,Residential,Luxury,3,3,1,1,RCC,6340,464,21.13,16.91,11272,28,28,56,35,17,15,423,59,1452,10842,11573187.84,4666608.0,18666432.0
671,2017,Madurai,1390,1112,1,Residential,Luxury,5,4,1,1,RCC,5004,366,16.68,13.34,8896,82,28,44,27,13,12,370,72,2303,11576,8686944.0,3502800.0,14011200.0
672,2016,Tiruppur,3275,2620,3,Residential,Premium,3,3,1,1,RCC,11790,864,39.3,31.44,20960,80,10,104,65,32,29,412,61,2243,9830,18607502.0,7503025.0,30012100.0
673,2017,Coimbatore,1645,1316,3,Residential,Standard,4,4,1,1,RCC,5922,434,19.74,15.79,10528,53,18,52,32,16,14,362,70,1760,9346,6325011.84,2550408.0,10201632.0
674,2022,Trichy,1288,1031,1,Residential,Luxury,5,4,1,1,RCC,4639,340,15.46,12.37,8248,63,26,41,25,12,11,448,78,1547,10859,7847064.72,3164139.0,12656556.0
675,2013,Salem,3325,2660,2,Residential,Luxury,3,3,1,1,RCC,11970,877,39.9,31.92,21280,66,13,106,66,33,29,441,74,1256,11000,15970852.8,6439860.0,25759440.0
676,2020,Chennai,1898,1519,1,Residential,Premium,3,3,1,1,RCC,6835,501,22.79,18.23,12152,70,19,60,37,18,16,409,77,1430,9769,7838434.94,3160659.25,12642637.0
677,2015,Tiruppur,2690,2152,3,Residential,Premium,3,3,1,1,RCC,9684,710,32.28,25.82,17216,27,26,86,53,26,23,468,60,2145,11447,11453116.16,4618192.0,18472768.0
678,2021,Coimbatore,2606,2085,1,Residential,Economy,5,4,1,1,RCC,9382,688,31.27,25.02,16680,77,25,83,52,26,23,393,68,1719,11382,6722040.0,2710500.0,10842000.0
679,2012,Trichy,1130,904,1,Residential,Premium,5,4,1,1,RCC,4068,298,13.56,10.85,7232,73,26,36,22,11,10,392,82,1237,9836,5835157.28,2352886.0,9411544.0
680,2021,Chennai,3131,2505,1,Residential,Premium,3,3,1,1,RCC,11272,826,37.57,30.06,20040,32,15,100,62,31,27,430,80,2283,10757,11710374.0,4721925.0,18887700.0
681,2021,Chennai,1486,1189,3,Residential,Economy,3,3,1,1,RCC,5350,392,17.84,14.27,9512,43,10,47,29,14,13,454,72,2120,8934,4894875.2,1973740.0,7894960.0
682,2020,Tiruppur,1913,1531,3,Residential,Premium,5,4,1,1,RCC,6889,505,22.96,18.37,12248,85,29,61,38,19,17,459,66,2037,11578,11121061.52,4484299.0,17937196.0
683,2024,Madurai,2018,1615,1,Residential,Economy,1,1,1,1,RCC,7267,532,24.22,19.38,12920,48,21,64,40,20,17,412,76,1806,10514,5927696.0,2390200.0,9560800.0
684,2018,Salem,1985,1588,1,Residential,Standard,1,1,1,1,RCC,7146,524,23.82,19.06,12704,47,30,63,39,19,17,360,82,1255,11906,6994314.24,2820288.0,11281152.0
685,2018,Coimbatore,2866,2293,2,Residential,Economy,1,1,1,1,RCC,10318,756,34.39,27.52,18344,55,26,91,57,28,25,373,72,1628,7614,10719316.4,4322305.0,17289220.0
686,2024,Trichy,2175,1740,1,Residential,Standard,2,2,1,1,RCC,7830,574,26.1,20.88,13920,39,18,69,43,21,19,415,68,2173,8329,7430774.4,2996280.0,11985120.0
687,2024,Coimbatore,3058,2447,2,Residential,Premium,2,2,1,1,RCC,11011,807,36.7,29.36,19576,37,29,97,61,30,27,440,61,2127,11596,16190918.08,6528596.0,26114384.0
688,2014,Chennai,3528,2823,1,Residential,Standard,1,1,1,1,RCC,12703,931,42.34,33.88,22584,77,23,112,70,35,31,420,70,1480,11992,15080240.16,6080742.0,24322968.0
689,2013,Trichy,3166,2533,2,Residential,Luxury,2,2,1,1,RCC,11398,835,37.99,30.4,20264,45,18,101,63,31,28,407,65,2420,8939,19278966.96,7773777.0,31095108.0
690,2014,Coimbatore,2267,1814,2,Residential,Luxury,4,4,1,1,RCC,8163,598,27.21,21.77,14512,54,19,72,45,22,20,466,68,1333,7582,15264156.96,6154902.0,24619608.0
691,2024,Chennai,2567,2054,1,Residential,Standard,4,4,1,1,RCC,9243,677,30.81,24.65,16432,76,10,82,51,25,22,434,59,2267,10536,11797518.72,4757064.0,19028256.0
692,2021,Salem,1961,1569,1,Residential,Standard,5,4,1,1,RCC,7060,517,23.54,18.83,12552,66,14,62,39,19,17,405,78,2469,8578,7330870.08,2955996.0,11823984.0
693,2026,Chennai,2346,1877,1,Residential,Standard,1,1,1,1,RCC,8446,619,28.15,22.52,15016,29,29,75,46,23,20,398,58,2448,7893,9775416.0,3941700.0,15766800.0
694,2021,Tiruppur,1125,900,2,Residential,Luxury,5,4,1,1,RCC,4050,297,13.5,10.8,7200,27,28,36,22,11,10,454,77,2124,8159,7753968.0,3126600.0,12506400.0
695,2024,Chennai,1180,944,1,Residential,Premium,4,4,1,1,RCC,4248,311,14.16,11.33,7552,61,18,37,23,11,10,404,58,1338,7594,5635075.84,2272208.0,9088832.0
696,2025,Tiruppur,3261,2609,1,Residential,Luxury,5,4,1,1,RCC,11740,860,39.13,31.31,20872,36,11,104,65,32,28,394,58,1997,7760,16712836.56,6739047.0,26956188.0
697,2017,Chennai,3720,2976,3,Residential,Standard,5,4,1,1,RCC,13392,982,44.64,35.71,23808,66,27,119,74,37,33,360,80,2262,10399,16296099.84,6571008.0,26284032.0
698,2017,Coimbatore,1846,1477,3,Residential,Economy,1,1,1,1,RCC,6646,487,22.15,17.72,11816,47,18,59,36,18,16,403,70,1323,9832,5586014.0,2252425.0,9009700.0
699,2019,Trichy,3226,2581,3,Residential,Luxury,2,2,1,1,RCC,11614,851,38.71,30.97,20648,25,14,103,64,32,28,403,71,1621,10690,18088886.88,7293906.0,29175624.0
700,2017,Salem,2188,1751,2,Residential,Premium,1,1,1,1,RCC,7879,577,26.27,21.01,14008,74,10,70,43,21,19,371,61,1416,9550,11585736.64,4671668.0,18686672.0
701,2016,Chennai,1631,1305,2,Residential,Economy,1,1,1,1,RCC,5872,430,19.57,15.66,10440,41,27,52,32,16,14,427,65,2471,11625,4352958.0,1755225.0,7020900.0
702,2014,Erode,3153,2523,2,Residential,Premium,2,2,1,1,RCC,11353,832,37.84,30.28,20184,68,28,100,63,31,28,418,63,2118,9164,16285510.86,6566738.25,26266953.0
703,2017,Salem,3607,2886,2,Residential,Premium,1,1,1,1,RCC,12987,952,43.29,34.63,23088,63,26,115,72,36,32,445,78,2387,11793,16293547.92,6569979.0,26279916.0
704,2013,Coimbatore,2875,2300,3,Residential,Standard,1,1,1,1,RCC,10350,759,34.5,27.6,18400,41,8,92,57,28,25,380,73,1528,7050,9514272.0,3836400.0,15345600.0
705,2010,Tiruppur,2325,1860,2,Residential,Standard,4,4,1,1,RCC,8370,613,27.9,22.32,14880,58,29,74,46,23,20,391,68,1476,10395,10932336.0,4408200.0,17632800.0
706,2010,Trichy,2347,1878,2,Residential,Premium,3,3,1,1,RCC,8451,619,28.17,22.54,15024,64,27,75,46,23,20,423,79,1205,8911,9994866.24,4030188.0,16120752.0
707,2014,Chennai,1410,1128,2,Residential,Standard,4,4,1,1,RCC,5076,372,16.92,13.54,9024,89,22,45,28,14,12,431,61,1210,9616,6629932.8,2673360.0,10693440.0
708,2026,Chennai,1942,1554,3,Residential,Standard,5,4,1,1,RCC,6993,512,23.31,18.65,12432,27,14,62,38,19,17,467,76,1808,7622,8509455.36,3431232.0,13724928.0
709,2016,Trichy,1591,1273,1,Residential,Premium,4,4,1,1,RCC,5728,420,19.09,15.28,10184,73,16,50,31,15,14,385,66,2029,11703,6569010.98,2648794.75,10595179.0
710,2022,Salem,1593,1275,3,Residential,Standard,4,4,1,1,RCC,5737,420,19.12,15.3,10200,37,21,51,31,15,14,461,74,1577,8333,6298704.0,2539800.0,10159200.0
711,2016,Salem,1696,1357,2,Residential,Standard,2,2,1,1,RCC,6106,447,20.36,16.28,10856,46,14,54,33,16,15,390,63,1500,10200,8157632.64,3289368.0,13157472.0
712,2017,Chennai,1393,1115,2,Residential,Premium,3,3,1,1,RCC,5017,367,16.72,13.38,8920,27,8,44,27,13,12,446,61,2376,11636,5573260.6,2247282.5,8989130.0
713,2026,Madurai,1411,1129,1,Residential,Standard,3,3,1,1,RCC,5080,372,16.93,13.55,9032,72,20,45,28,14,12,432,71,2347,11425,6333419.04,2553798.0,10215192.0
714,2016,Coimbatore,1830,1464,3,Residential,Economy,5,4,1,1,RCC,6588,483,21.96,17.57,11712,46,26,58,36,18,16,410,72,1673,10528,6190377.6,2496120.0,9984480.0
715,2023,Erode,3402,2722,1,Residential,Luxury,1,1,1,1,RCC,12249,898,40.83,32.66,21776,59,17,108,68,34,30,415,81,1740,11059,22904650.08,9235746.0,36942984.0
716,2010,Erode,1220,976,2,Residential,Premium,4,4,1,1,RCC,4392,322,14.64,11.71,7808,85,13,39,24,12,10,428,67,1811,7862,7089585.92,2858704.0,11434816.0
717,2024,Salem,3505,2804,2,Residential,Economy,1,1,1,1,RCC,12618,925,42.06,33.65,22432,69,23,112,70,35,31,424,66,2285,9771,10604728.0,4276100.0,17104400.0
718,2012,Madurai,2988,2391,3,Residential,Luxury,2,2,1,1,RCC,10759,789,35.87,28.69,19128,61,12,95,59,29,26,405,82,1854,9627,13875451.2,5594940.0,22379760.0
719,2014,Coimbatore,3110,2488,2,Residential,Economy,5,4,1,1,RCC,11196,821,37.32,29.86,19904,72,15,99,62,31,27,411,68,1989,8070,9131955.2,3682240.0,14728960.0
720,2020,Erode,3248,2599,3,Residential,Economy,5,4,1,1,RCC,11695,857,38.98,31.19,20792,29,12,103,64,32,28,428,76,2356,7545,10409514.8,4197385.0,16789540.0
721,2022,Trichy,2577,2062,2,Residential,Luxury,4,4,1,1,RCC,9279,680,30.93,24.74,16496,72,14,82,51,25,22,395,74,1676,8823,15694129.44,6328278.0,25313112.0
722,2016,Salem,3480,2784,2,Residential,Luxury,2,2,1,1,RCC,12528,918,41.76,33.41,22272,34,21,111,69,34,30,424,80,1723,7580,17833858.56,7191072.0,28764288.0
723,2025,Chennai,1600,1280,1,Residential,Luxury,3,3,1,1,RCC,5760,422,19.2,15.36,10240,86,19,51,32,16,14,392,62,2216,8035,9227980.8,3720960.0,14883840.0
724,2017,Salem,1255,1004,1,Residential,Luxury,2,2,1,1,RCC,4518,331,15.06,12.05,8032,59,22,40,25,12,11,360,61,2014,9158,6633146.88,2674656.0,10698624.0
725,2019,Trichy,2200,1760,3,Residential,Premium,5,4,1,1,RCC,7920,580,26.4,21.12,14080,31,16,70,44,22,19,441,63,1691,8122,9082057.6,3662120.0,14648480.0
726,2010,Coimbatore,3621,2897,3,Residential,Standard,4,4,1,1,RCC,13036,956,43.45,34.76,23176,51,30,115,72,36,32,460,75,1905,9530,17027407.2,6865890.0,27463560.0
727,2017,Salem,2460,1968,1,Residential,Luxury,3,3,1,1,RCC,8856,649,29.52,23.62,15744,57,22,78,49,24,21,379,66,1432,8135,12211361.28,4923936.0,19695744.0
728,2013,Madurai,2262,1810,3,Residential,Luxury,2,2,1,1,RCC,8145,597,27.15,21.72,14480,83,18,72,45,22,20,426,70,1571,8524,12321756.0,4968450.0,19873800.0
729,2013,Chennai,1783,1427,2,Residential,Economy,4,4,1,1,RCC,6421,470,21.4,17.12,11416,35,21,57,35,17,15,380,65,1414,8864,6989446.0,2818325.0,11273300.0
730,2022,Trichy,2203,1763,1,Residential,Economy,3,3,1,1,RCC,7933,581,26.45,21.16,14104,70,11,70,44,22,19,451,80,1270,11225,6077413.6,2450570.0,9802280.0
731,2024,Tiruppur,1640,1312,3,Residential,Economy,5,4,1,1,RCC,5904,432,19.68,15.74,10496,66,10,52,32,16,14,466,68,1376,7985,6426176.0,2591200.0,10364800.0
732,2018,Trichy,3048,2439,1,Residential,Economy,3,3,1,1,RCC,10975,804,36.59,29.27,19512,31,18,97,60,30,27,470,69,1454,10872,9768682.8,3938985.0,15755940.0
733,2016,Erode,2245,1796,3,Residential,Economy,4,4,1,1,RCC,8082,592,26.94,21.55,14368,41,8,71,44,22,19,438,62,2478,7084,6992905.6,2819720.0,11278880.0
734,2016,Tiruppur,1050,840,1,Residential,Premium,2,2,1,1,RCC,3780,277,12.6,10.08,6720,39,11,33,21,10,9,461,68,1689,11606,5014262.4,2021880.0,8087520.0
735,2026,Trichy,1030,824,1,Residential,Standard,5,4,1,1,RCC,3708,271,12.36,9.89,6592,29,11,32,20,10,9,372,65,1565,7406,4622442.24,1863888.0,7455552.0
736,2022,Trichy,1406,1125,3,Residential,Premium,1,1,1,1,RCC,5062,371,16.88,13.5,9000,76,19,45,28,14,12,420,59,2389,8954,6715530.0,2707875.0,10831500.0
737,2023,Salem,1357,1086,3,Residential,Economy,4,4,1,1,RCC,4887,358,16.29,13.03,8688,73,27,43,27,13,12,441,71,1571,7429,4834437.6,1949370.0,7797480.0
738,2010,Tiruppur,2645,2116,3,Residential,Economy,4,4,1,1,RCC,9522,698,31.74,25.39,16928,89,16,84,52,26,23,400,75,2426,11083,7766566.4,3131680.0,12526720.0
739,2018,Coimbatore,3391,2713,3,Residential,Premium,1,1,1,1,RCC,12208,895,40.7,32.56,21704,90,8,108,67,33,30,428,65,1988,11092,13999785.38,5645074.75,22580299.0
740,2019,Erode,2226,1781,2,Residential,Premium,3,3,1,1,RCC,8014,587,26.71,21.37,14248,72,15,71,44,22,19,399,60,2401,7202,9478624.48,3822026.0,15288104.0
741,2018,Erode,1132,906,3,Residential,Premium,3,3,1,1,RCC,4077,298,13.59,10.87,7248,63,13,36,22,11,10,408,69,1670,7730,6287893.68,2535441.0,10141764.0
742,2026,Madurai,3355,2684,3,Residential,Economy,1,1,1,1,RCC,12078,885,40.26,32.21,21472,29,17,107,67,33,29,441,78,2373,11005,10450422.4,4213880.0,16855520.0
743,2026,Madurai,3481,2785,3,Residential,Luxury,4,4,1,1,RCC,12532,919,41.77,33.42,22280,61,9,111,69,34,30,419,59,2198,10220,16161912.0,6516900.0,26067600.0
744,2010,Trichy,1010,808,2,Residential,Standard,3,3,1,1,RCC,3636,266,12.12,9.7,6464,85,19,32,20,10,8,391,82,1528,7715,3342405.12,1347744.0,5390976.0
745,2026,Chennai,3003,2403,1,Residential,Luxury,3,3,1,1,RCC,10813,792,36.05,28.84,19224,29,20,96,60,30,26,417,74,1236,11930,15393233.52,6206949.0,24827796.0
746,2015,Coimbatore,1751,1401,1,Residential,Economy,3,3,1,1,RCC,6304,462,21.02,16.81,11208,36,16,56,35,17,15,419,71,1899,8178,4829527.2,1947390.0,7789560.0
747,2012,Trichy,1933,1547,3,Residential,Economy,3,3,1,1,RCC,6961,510,23.2,18.56,12376,81,11,61,38,19,17,437,76,1871,8488,5505463.6,2219945.0,8879780.0
748,2014,Tiruppur,2698,2159,1,Residential,Economy,4,4,1,1,RCC,9715,712,32.38,25.91,17272,38,10,86,53,26,23,460,76,2311,10101,8406282.4,3389630.0,13558520.0
749,2014,Salem,2843,2275,2,Residential,Premium,1,1,1,1,RCC,10237,750,34.12,27.3,18200,66,16,91,56,28,25,444,67,1654,10769,12475872.5,5030593.75,20122375.0
750,2015,Madurai,2410,1928,2,Residential,Standard,3,3,1,1,RCC,8676,636,28.92,23.14,15424,86,19,77,48,24,21,444,70,1336,9223,8750035.2,3528240.0,14112960.0
751,2012,Chennai,3448,2759,1,Residential,Premium,3,3,1,1,RCC,12415,910,41.38,33.11,22072,87,12,110,68,34,30,459,68,1298,10509,14237157.34,5740789.25,22963157.0
752,2025,Coimbatore,3468,2775,3,Residential,Standard,2,2,1,1,RCC,12487,915,41.62,33.3,22200,64,17,111,69,34,30,469,61,2363,11187,11479176.0,4628700.0,18514800.0
753,2021,Salem,3381,2705,2,Residential,Luxury,2,2,1,1,RCC,12172,892,40.57,32.46,21640,30,16,108,67,33,30,425,60,2538,10027,15697656.0,6329700.0,25318800.0
754,2013,Erode,1810,1448,2,Residential,Premium,2,2,1,1,RCC,6516,477,21.72,17.38,11584,45,27,57,36,18,16,454,78,1747,9415,10049525.44,4052228.0,16208912.0
755,2021,Trichy,2141,1713,2,Residential,Luxury,1,1,1,1,RCC,7708,565,25.7,20.56,13704,34,26,68,42,21,19,447,66,2203,10566,13726063.44,5534703.0,22138812.0
756,2012,Erode,3613,2891,2,Residential,Economy,1,1,1,1,RCC,13009,954,43.36,34.69,23128,43,25,115,72,36,32,367,73,2573,9119,12869575.6,5189345.0,20757380.0
757,2020,Madurai,2141,1713,3,Residential,Premium,1,1,1,1,RCC,7708,565,25.7,20.56,13704,90,14,68,42,21,19,373,61,1935,9380,8007932.4,3229005.0,12916020.0
758,2017,Madurai,1381,1105,3,Residential,Economy,5,4,1,1,RCC,4972,364,16.57,13.26,8840,60,9,44,27,13,12,452,77,1701,7563,5288972.0,2132650.0,8530600.0
759,2026,Tiruppur,2092,1674,2,Residential,Premium,4,4,1,1,RCC,7533,552,25.11,20.09,13392,71,25,66,41,20,18,401,64,1217,11561,10805368.68,4357003.5,17428014.0
760,2026,Salem,1380,1104,2,Residential,Standard,1,1,1,1,RCC,4968,364,16.56,13.25,8832,26,14,44,27,13,12,433,78,1625,7504,5897479.68,2378016.0,9512064.0
761,2021,Tiruppur,2630,2104,3,Residential,Standard,5,4,1,1,RCC,9468,694,31.56,25.25,16832,42,19,84,52,26,23,451,64,2321,10825,9267025.92,3736704.0,14946816.0
762,2016,Madurai,1912,1530,2,Residential,Premium,1,1,1,1,RCC,6885,504,22.95,18.36,12240,86,25,61,38,19,17,367,59,1326,10792,10866213.0,4381537.5,17526150.0
763,2022,Madurai,2677,2142,3,Residential,Standard,1,1,1,1,RCC,9639,706,32.13,25.7,17136,33,25,85,53,26,23,386,78,2100,11481,11442392.64,4613868.0,18455472.0
764,2016,Coimbatore,3355,2684,3,Residential,Luxury,3,3,1,1,RCC,12078,885,40.26,32.21,21472,89,10,107,67,33,29,462,70,2084,7353,17732436.48,7150176.0,28600704.0
765,2018,Trichy,1301,1041,2,Residential,Economy,2,2,1,1,RCC,4684,343,15.62,12.49,8328,78,11,41,26,13,11,456,72,2091,10426,3820886.4,1540680.0,6162720.0
766,2026,Coimbatore,2672,2138,2,Residential,Premium,5,4,1,1,RCC,9621,705,32.07,25.66,17104,41,25,85,53,26,23,404,64,1911,7323,10340693.56,4169634.5,16678538.0
767,2023,Coimbatore,2776,2221,3,Residential,Standard,3,3,1,1,RCC,9994,732,33.31,26.65,17768,65,25,88,55,27,24,428,61,1775,11029,11269531.68,4544166.0,18176664.0
768,2024,Trichy,3107,2486,3,Residential,Premium,3,3,1,1,RCC,11187,820,37.29,29.83,19888,70,30,99,62,31,27,438,78,2078,10455,14437544.44,5821590.5,23286362.0
769,2021,Coimbatore,1438,1151,2,Residential,Luxury,1,1,1,1,RCC,5179,379,17.27,13.81,9208,48,29,46,28,14,12,456,68,1678,8916,7604334.72,3066264.0,12265056.0
770,2012,Tiruppur,2257,1806,1,Residential,Standard,4,4,1,1,RCC,8127,595,27.09,21.67,14448,34,29,72,45,22,20,423,71,2444,11455,8921928.96,3597552.0,14390208.0
771,2021,Chennai,3257,2606,3,Residential,Premium,1,1,1,1,RCC,11727,859,39.09,31.27,20848,34,10,104,65,32,28,411,82,1328,10056,18508072.6,7462932.5,29851730.0
772,2016,Tiruppur,2591,2073,2,Residential,Premium,5,4,1,1,RCC,9328,684,31.09,24.88,16584,41,10,82,51,25,23,447,74,1686,10069,9690860.4,3907605.0,15630420.0
773,2016,Madurai,3333,2667,1,Residential,Economy,4,4,1,1,RCC,12001,880,40.0,32.0,21336,61,27,106,66,33,29,394,77,1842,10574,9788956.8,3947160.0,15788640.0
774,2018,Coimbatore,1705,1364,2,Residential,Standard,5,4,1,1,RCC,6138,450,20.46,16.37,10912,40,16,54,34,17,15,414,76,2392,9408,8017046.4,3232680.0,12930720.0
775,2020,Chennai,2416,1933,1,Residential,Standard,1,1,1,1,RCC,8698,637,28.99,23.2,15464,35,12,77,48,24,21,422,74,2535,8664,8513859.84,3433008.0,13732032.0
776,2011,Coimbatore,2927,2342,1,Residential,Premium,5,4,1,1,RCC,10539,772,35.13,28.1,18736,52,28,93,58,29,26,377,59,2246,7672,13222276.24,5331563.0,21326252.0
777,2022,Erode,3543,2835,2,Residential,Luxury,1,1,1,1,RCC,12757,935,42.52,34.02,22680,29,21,113,70,35,31,448,74,2328,7354,22147020.0,8930250.0,35721000.0
778,2019,Coimbatore,2977,2382,3,Residential,Premium,5,4,1,1,RCC,10719,786,35.73,28.58,19056,73,27,95,59,29,26,366,75,2566,8640,11520828.84,4645495.5,18581982.0
779,2010,Tiruppur,1170,936,1,Residential,Economy,2,2,1,1,RCC,4212,308,14.04,11.23,7488,46,15,37,23,11,10,443,77,1430,11592,4271155.2,1722240.0,6888960.0
780,2025,Tiruppur,3231,2585,3,Residential,Economy,2,2,1,1,RCC,11632,853,38.77,31.02,20680,30,14,103,64,32,28,466,73,1369,8775,12084358.0,4872725.0,19490900.0
781,2011,Erode,1623,1299,2,Residential,Luxury,1,1,1,1,RCC,5845,428,19.48,15.59,10392,83,13,51,32,16,14,409,80,2186,7677,9364958.64,3776193.0,15104772.0
782,2022,Madurai,3185,2548,3,Residential,Luxury,3,3,1,1,RCC,11466,840,38.22,30.58,20384,89,26,101,63,31,28,457,75,2428,8952,15298395.84,6168708.0,24674832.0
783,2020,Trichy,2338,1871,2,Residential,Economy,1,1,1,1,RCC,8419,617,28.06,22.45,14968,26,29,74,46,23,20,422,77,2395,10723,6867318.4,2769080.0,11076320.0
784,2010,Coimbatore,3022,2418,2,Residential,Standard,4,4,1,1,RCC,10881,797,36.27,29.02,19344,84,27,96,60,30,26,372,74,1461,7722,9678576.96,3902652.0,15610608.0
785,2021,Tiruppur,1188,951,3,Residential,Economy,2,2,1,1,RCC,4279,313,14.26,11.41,7608,77,27,38,23,11,10,363,75,1937,11157,3490550.4,1407480.0,5629920.0
786,2023,Coimbatore,1566,1253,3,Residential,Luxury,4,4,1,1,RCC,5638,413,18.79,15.04,10024,39,30,50,31,15,13,416,78,1391,11448,8529922.8,3439485.0,13757940.0
787,2026,Trichy,3478,2783,2,Residential,Economy,3,3,1,1,RCC,12523,918,41.74,33.4,22264,48,19,111,69,34,30,455,72,1613,10931,9593557.6,3868370.0,15473480.0
788,2026,Erode,1740,1392,2,Residential,Standard,2,2,1,1,RCC,6264,459,20.88,16.7,11136,55,22,55,34,17,15,413,67,2219,10210,7249536.0,2923200.0,11692800.0
789,2023,Erode,1068,855,2,Residential,Standard,4,4,1,1,RCC,3847,282,12.82,10.26,6840,85,19,34,21,10,9,469,79,2210,7097,5025348.0,2026350.0,8105400.0
790,2016,Chennai,2095,1676,2,Residential,Premium,3,3,1,1,RCC,7542,553,25.14,20.11,13408,36,14,67,41,20,18,405,62,1385,11237,9191016.4,3706055.0,14824220.0
791,2019,Coimbatore,1735,1388,1,Residential,Premium,3,3,1,1,RCC,6246,458,20.82,16.66,11104,81,25,55,34,17,15,389,77,1426,7923,7611653.2,3069215.0,12276860.0
792,2019,Trichy,3661,2929,1,Residential,Economy,5,4,1,1,RCC,13180,966,43.93,35.15,23432,48,27,117,73,36,32,427,63,2043,8519,14019365.6,5652970.0,22611880.0
793,2023,Chennai,1435,1148,3,Residential,Economy,2,2,1,1,RCC,5166,378,17.22,13.78,9184,61,22,45,28,14,12,457,74,2346,7172,5751020.8,2318960.0,9275840.0
794,2025,Chennai,3703,2963,2,Residential,Luxury,1,1,1,1,RCC,13333,977,44.45,35.56,23704,44,13,118,74,37,32,421,63,1222,9564,21956541.12,8853444.0,35413776.0
795,2012,Chennai,2877,2302,3,Residential,Standard,1,1,1,1,RCC,10359,759,34.53,27.62,18416,32,13,92,57,28,25,384,82,1740,7057,10755680.64,4336968.0,17347872.0
796,2026,Salem,1633,1307,1,Residential,Premium,3,3,1,1,RCC,5881,431,19.61,15.68,10456,41,19,52,32,16,14,416,81,1428,11037,6532961.08,2634258.5,10537034.0
797,2017,Trichy,3616,2893,1,Residential,Luxury,2,2,1,1,RCC,13018,954,43.39,34.72,23144,45,13,115,72,36,32,387,68,1452,8803,17950949.28,7238286.0,28953144.0
798,2012,Tiruppur,2003,1603,2,Residential,Economy,5,4,1,1,RCC,7213,528,24.04,19.24,12824,72,26,64,40,20,17,465,69,1379,9949,6957020.0,2805250.0,11221000.0
799,2018,Coimbatore,2465,1972,3,Residential,Standard,3,3,1,1,RCC,8874,650,29.58,23.66,15776,53,17,78,49,24,21,464,82,1232,8223,10798356.48,4354176.0,17416704.0
800,2025,Trichy,2366,1893,3,Residential,Premium,1,1,1,1,RCC,8518,624,28.39,22.72,15144,86,25,75,47,23,21,455,82,1349,11179,8849396.4,3568305.0,14273220.0
801,2016,Coimbatore,1795,1436,2,Residential,Premium,5,4,1,1,RCC,6462,473,21.54,17.23,11488,54,22,57,35,17,15,439,69,1207,9202,10198615.6,4112345.0,16449380.0
802,2025,Salem,2365,1892,3,Residential,Economy,1,1,1,1,RCC,8514,624,28.38,22.7,15136,62,24,75,47,23,21,431,77,2113,7595,9478163.2,3821840.0,15287360.0
803,2013,Tiruppur,1870,1496,2,Residential,Premium,2,2,1,1,RCC,6732,493,22.44,17.95,11968,76,8,59,37,18,16,369,66,1708,7256,8930162.56,3600872.0,14403488.0
804,2026,Erode,1997,1598,2,Residential,Premium,4,4,1,1,RCC,7191,527,23.97,19.18,12784,76,27,63,39,19,17,423,74,2240,11410,8763272.2,3533577.5,14134310.0
805,2018,Erode,2103,1683,2,Residential,Standard,4,4,1,1,RCC,7573,555,25.24,20.2,13464,34,24,67,42,21,18,441,76,1570,11247,8765064.0,3534300.0,14137200.0
806,2021,Salem,1037,830,2,Residential,Luxury,3,3,1,1,RCC,3735,273,12.45,9.96,6640,32,10,33,20,10,9,396,66,2131,8228,5817038.4,2345580.0,9382320.0
807,2018,Trichy,1167,934,2,Residential,Luxury,5,4,1,1,RCC,4203,308,14.01,11.21,7472,80,19,37,23,11,10,427,72,2561,11460,6170676.48,2488176.0,9952704.0
808,2010,Erode,2770,2216,3,Residential,Economy,1,1,1,1,RCC,9972,731,33.24,26.59,17728,58,21,88,55,27,24,373,60,1711,11582,7638995.2,3080240.0,12320960.0
809,2012,Trichy,1981,1585,3,Residential,Economy,3,3,1,1,RCC,7132,523,23.77,19.02,12680,56,30,63,39,19,17,469,68,1666,8046,5286926.0,2131825.0,8527300.0
810,2012,Coimbatore,2663,2131,3,Residential,Standard,4,4,1,1,RCC,9589,703,31.96,25.57,17048,85,10,85,53,26,23,361,75,1291,7955,9385946.88,3784656.0,15138624.0
811,2021,Erode,3302,2642,3,Residential,Premium,2,2,1,1,RCC,11889,871,39.63,31.7,21136,65,25,105,66,33,29,433,59,2463,11390,14060935.36,5669732.0,22678928.0
812,2019,Erode,2981,2385,3,Residential,Premium,5,4,1,1,RCC,10732,787,35.77,28.62,19080,78,18,95,59,29,26,443,82,1445,8491,14622864.3,5896316.25,23585265.0
813,2012,Chennai,3591,2873,1,Residential,Premium,3,3,1,1,RCC,12928,948,43.09,34.48,22984,86,16,114,71,35,31,433,77,2012,9671,18544697.86,7477700.75,29910803.0
814,2019,Madurai,3333,2667,1,Residential,Luxury,5,4,1,1,RCC,12001,880,40.0,32.0,21336,48,28,106,66,33,29,374,75,1257,8971,20298857.04,8185023.0,32740092.0
815,2019,Madurai,1643,1315,3,Residential,Economy,3,3,1,1,RCC,5917,433,19.72,15.78,10520,88,10,52,32,16,14,468,65,1644,11115,5707100.0,2301250.0,9205000.0
816,2013,Trichy,1077,862,3,Residential,Luxury,3,3,1,1,RCC,3879,284,12.93,10.34,6896,67,10,34,21,10,9,377,61,1411,11878,5694992.64,2296368.0,9185472.0
817,2013,Tiruppur,1217,974,3,Residential,Standard,4,4,1,1,RCC,4383,321,14.61,11.69,7792,76,10,38,24,12,10,420,59,1447,9986,4942153.92,1992804.0,7971216.0
818,2014,Tiruppur,2132,1706,1,Residential,Economy,1,1,1,1,RCC,7677,562,25.59,20.47,13648,62,29,68,42,21,18,422,65,2018,10904,7975208.8,3215810.0,12863240.0
819,2020,Trichy,2085,1668,2,Residential,Standard,5,4,1,1,RCC,7506,550,25.02,20.02,13344,90,14,66,41,20,18,435,77,2208,11519,6676536.96,2692152.0,10768608.0
820,2016,Salem,3728,2983,2,Residential,Standard,3,3,1,1,RCC,13423,984,44.74,35.8,23864,25,20,119,74,37,33,426,79,1507,8713,17932364.16,7230792.0,28923168.0
821,2026,Erode,3705,2964,3,Residential,Economy,5,4,1,1,RCC,13338,978,44.46,35.57,23712,83,8,118,74,37,32,426,58,1289,10511,14186889.6,5720520.0,22882080.0
822,2019,Madurai,1611,1289,3,Residential,Luxury,3,3,1,1,RCC,5800,425,19.34,15.47,10312,52,23,51,32,16,14,397,72,1701,9546,10069668.0,4060350.0,16241400.0
823,2019,Tiruppur,2900,2320,3,Residential,Premium,5,4,1,1,RCC,10440,765,34.8,27.84,18560,73,24,92,58,29,25,374,68,1495,10880,12722648.0,5130100.0,20520400.0
824,2023,Salem,3126,2501,2,Residential,Premium,3,3,1,1,RCC,11254,825,37.52,30.01,20008,89,19,100,62,31,27,382,69,1486,7056,17357640.28,6999048.5,27996194.0
825,2025,Salem,1287,1030,1,Residential,Premium,3,3,1,1,RCC,4635,339,15.45,12.36,8240,41,30,41,25,12,11,443,79,2041,8847,5648417.0,2277587.5,9110350.0
826,2010,Tiruppur,2263,1811,2,Residential,Premium,1,1,1,1,RCC,8149,597,27.16,21.73,14488,51,30,72,45,22,20,456,67,1740,9046,10810510.96,4359077.0,17436308.0
827,2011,Chennai,3073,2459,1,Residential,Economy,1,1,1,1,RCC,11065,811,36.88,29.51,19672,61,21,98,61,30,27,441,81,1496,11847,9848786.8,3971285.0,15885140.0
828,2017,Chennai,1397,1118,1,Residential,Standard,2,2,1,1,RCC,5031,368,16.77,13.42,8944,30,25,44,27,13,12,452,60,1634,8542,5373376.32,2166684.0,8666736.0
829,2012,Coimbatore,1891,1513,1,Residential,Premium,1,1,1,1,RCC,6808,499,22.7,18.16,12104,42,10,60,37,18,16,408,77,1818,7807,8052307.04,3246898.0,12987592.0
830,2011,Chennai,1007,806,3,Residential,Premium,3,3,1,1,RCC,3627,265,12.09,9.67,6448,41,24,32,20,10,8,454,82,1607,10086,3898315.72,1571901.5,6287606.0
831,2014,Erode,2428,1943,3,Residential,Economy,2,2,1,1,RCC,8743,641,29.14,23.32,15544,29,26,77,48,24,21,419,81,1726,8299,7131587.2,2875640.0,11502560.0
832,2021,Erode,1122,898,1,Residential,Economy,3,3,1,1,RCC,4041,296,13.47,10.78,7184,82,8,35,22,11,9,380,76,1939,11251,4398404.0,1773550.0,7094200.0
833,2011,Coimbatore,1661,1329,3,Residential,Luxury,4,4,1,1,RCC,5980,438,19.93,15.95,10632,88,21,53,33,16,14,386,68,2007,7240,11716995.6,4724595.0,18898380.0
834,2026,Coimbatore,2131,1705,2,Residential,Luxury,2,2,1,1,RCC,7672,562,25.57,20.46,13640,35,24,68,42,21,18,387,81,1401,10172,12291958.8,4956435.0,19825740.0
835,2021,Tiruppur,3316,2653,1,Residential,Luxury,5,4,1,1,RCC,11938,875,39.8,31.84,21224,39,8,106,66,33,29,433,63,2028,9491,16461758.88,6637806.0,26551224.0
836,2014,Coimbatore,1746,1397,3,Residential,Standard,5,4,1,1,RCC,6286,461,20.95,16.76,11176,36,16,55,34,17,15,450,82,2565,11906,6153058.56,2481072.0,9924288.0
837,2019,Tiruppur,2303,1843,2,Residential,Luxury,3,3,1,1,RCC,8293,608,27.64,22.12,14744,32,8,73,46,23,20,440,68,2293,7607,11435741.28,4611186.0,18444744.0
838,2013,Erode,2442,1954,2,Residential,Economy,1,1,1,1,RCC,8793,644,29.31,23.45,15632,68,24,78,48,24,21,386,62,1562,8798,9788758.4,3947080.0,15788320.0
839,2023,Erode,3143,2515,1,Residential,Standard,3,3,1,1,RCC,11317,829,37.73,30.18,20120,25,10,100,62,31,27,413,59,1246,7947,13771737.6,5553120.0,22212480.0
840,2020,Trichy,1676,1341,1,Residential,Premium,1,1,1,1,RCC,6034,442,20.11,16.09,10728,55,8,53,33,16,14,426,61,1592,8585,9740916.72,3927789.0,15711156.0
841,2011,Trichy,3071,2457,1,Residential,Luxury,1,1,1,1,RCC,11056,810,36.85,29.48,19656,48,10,98,61,30,27,369,76,2328,11519,19687646.16,7938567.0,31754268.0
842,2021,Madurai,1136,909,2,Residential,Standard,1,1,1,1,RCC,4090,299,13.63,10.91,7272,28,27,36,22,11,10,419,66,2094,9452,5464471.68,2203416.0,8813664.0
843,2012,Tiruppur,3696,2957,3,Residential,Economy,4,4,1,1,RCC,13306,975,44.35,35.48,23656,78,12,118,73,36,32,373,70,2236,11714,13493382.4,5440880.0,21763520.0
844,2016,Coimbatore,2432,1946,2,Residential,Luxury,1,1,1,1,RCC,8757,642,29.19,23.35,15568,54,8,77,48,24,21,432,64,1558,9533,11683939.68,4711266.0,18845064.0
845,2013,Madurai,2802,2242,3,Residential,Economy,1,1,1,1,RCC,10089,739,33.63,26.9,17936,33,27,89,56,28,24,417,58,1271,8545,7728622.4,3116380.0,12465520.0
846,2010,Trichy,2673,2139,2,Residential,Economy,2,2,1,1,RCC,9625,705,32.09,25.67,17112,75,27,85,53,26,23,427,79,2056,8467,7373560.8,2973210.0,11892840.0
847,2024,Salem,2785,2228,1,Residential,Standard,3,3,1,1,RCC,10026,735,33.42,26.74,17824,84,27,89,55,27,24,375,65,1352,11669,11603424.0,4678800.0,18715200.0
848,2024,Salem,2431,1945,1,Residential,Premium,4,4,1,1,RCC,8752,641,29.17,23.34,15560,56,8,77,48,24,21,432,67,1620,7350,13813584.5,5569993.75,22279975.0
849,2014,Tiruppur,3053,2443,3,Residential,Premium,3,3,1,1,RCC,10993,806,36.64,29.32,19544,70,21,97,61,30,27,427,62,2277,11617,16559777.78,6677329.75,26709319.0
850,2020,Erode,2836,2269,1,Residential,Premium,4,4,1,1,RCC,10210,748,34.03,27.23,18152,29,25,90,56,28,25,387,62,2404,10761,15380325.74,6201744.25,24806977.0
851,2023,Madurai,1318,1055,1,Residential,Luxury,2,2,1,1,RCC,4747,348,15.82,12.66,8440,32,27,42,26,13,11,392,65,2410,8781,6970089.6,2810520.0,11242080.0
852,2025,Tiruppur,2200,1760,3,Residential,Economy,3,3,1,1,RCC,7920,580,26.4,21.12,14080,78,18,70,44,22,19,361,80,1920,10332,6263488.0,2525600.0,10102400.0
853,2015,Tiruppur,3678,2943,2,Residential,Standard,3,3,1,1,RCC,13243,971,44.14,35.32,23544,54,18,117,73,36,32,422,69,2222,7963,15327144.0,6180300.0,24721200.0
854,2024,Erode,3142,2514,1,Residential,Luxury,1,1,1,1,RCC,11313,829,37.71,30.17,20112,76,25,100,62,31,27,423,60,1415,9925,16104281.76,6493662.0,25974648.0
855,2016,Madurai,3657,2926,3,Residential,Economy,2,2,1,1,RCC,13167,965,43.89,35.11,23408,86,19,117,73,36,32,382,62,1745,9590,13678464.8,5515510.0,22062040.0
856,2012,Madurai,2721,2177,3,Residential,Economy,3,3,1,1,RCC,9796,718,32.66,26.12,17416,66,11,87,54,27,24,385,79,2371,9019,8719320.4,3515855.0,14063420.0
857,2013,Salem,1258,1007,2,Residential,Standard,4,4,1,1,RCC,4531,332,15.1,12.08,8056,56,21,40,25,12,11,454,76,2394,8068,4570168.8,1842810.0,7371240.0
858,2010,Coimbatore,1481,1185,2,Residential,Economy,2,2,1,1,RCC,5332,391,17.77,14.22,9480,82,14,47,29,14,13,449,66,1591,9483,5804130.0,2340375.0,9361500.0
859,2011,Madurai,3387,2710,3,Residential,Standard,5,4,1,1,RCC,12195,894,40.65,32.52,21680,25,9,108,67,33,30,422,61,1485,8453,16291219.2,6569040.0,26276160.0
860,2025,Tiruppur,3208,2567,1,Residential,Premium,1,1,1,1,RCC,11551,847,38.5,30.8,20536,68,19,102,64,32,28,373,66,1899,7521,14492563.24,5843775.5,23375102.0
861,2021,Coimbatore,1308,1047,3,Residential,Standard,5,4,1,1,RCC,4711,345,15.71,12.56,8376,44,10,41,26,13,11,432,81,1793,10698,4190847.84,1689858.0,6759432.0
862,2024,Madurai,3402,2722,1,Residential,Economy,1,1,1,1,RCC,12249,898,40.83,32.66,21776,68,19,108,68,34,30,439,79,2325,10577,11205929.6,4518520.0,18074080.0
863,2020,Tiruppur,2302,1842,2,Residential,Standard,4,4,1,1,RCC,8289,607,27.63,22.1,14736,32,20,73,46,23,20,398,82,2569,8764,9839816.64,3967668.0,15870672.0
864,2020,Salem,2030,1624,1,Residential,Premium,2,2,1,1,RCC,7308,535,24.36,19.49,12992,33,30,64,40,20,18,401,78,1487,11010,8643057.92,3485104.0,13940416.0
865,2014,Trichy,1666,1333,2,Residential,Luxury,3,3,1,1,RCC,5998,439,20.0,16.0,10664,62,11,53,33,16,14,367,82,2492,11575,12020034.24,4846788.0,19387152.0
866,2014,Chennai,1475,1180,2,Residential,Economy,4,4,1,1,RCC,5310,389,17.7,14.16,9440,56,25,47,29,14,13,394,74,1546,8864,4331072.0,1746400.0,6985600.0
867,2025,Trichy,3690,2952,2,Residential,Luxury,1,1,1,1,RCC,13284,974,44.28,35.42,23616,33,20,118,73,36,32,443,75,2240,9736,17724044.16,7146792.0,28587168.0
868,2014,Tiruppur,2182,1746,3,Residential,Luxury,2,2,1,1,RCC,7857,576,26.19,20.95,13968,40,18,69,43,21,19,394,71,2000,7451,11184596.64,4509918.0,18039672.0
869,2020,Trichy,3681,2945,1,Residential,Premium,1,1,1,1,RCC,13252,971,44.17,35.34,23560,65,20,117,73,36,32,398,79,1230,10025,14243845.9,5743486.25,22973945.0
870,2019,Salem,1836,1469,3,Residential,Luxury,4,4,1,1,RCC,6610,484,22.04,17.63,11752,75,27,58,36,18,16,443,73,1516,9810,10885642.56,4389372.0,17557488.0
871,2010,Madurai,2178,1743,3,Residential,Standard,1,1,1,1,RCC,7843,575,26.14,20.92,13944,74,28,69,43,21,19,433,60,1796,8682,9777811.68,3942666.0,15770664.0
872,2020,Erode,3350,2680,2,Residential,Economy,1,1,1,1,RCC,12060,884,40.2,32.16,21440,43,13,107,67,33,29,389,73,1478,9217,10733936.0,4328200.0,17312800.0
873,2012,Salem,2650,2120,3,Residential,Standard,3,3,1,1,RCC,9540,699,31.8,25.44,16960,86,25,84,53,26,23,457,67,1989,9880,10473139.2,4223040.0,16892160.0
874,2015,Salem,1106,885,1,Residential,Economy,4,4,1,1,RCC,3982,292,13.28,10.62,7080,83,23,35,22,11,9,407,61,1671,10790,4334730.0,1747875.0,6991500.0
875,2018,Salem,2092,1674,3,Residential,Economy,3,3,1,1,RCC,7533,552,25.11,20.09,13392,61,23,66,41,20,18,397,60,2383,7372,7078341.6,2854170.0,11416680.0
876,2021,Coimbatore,2907,2326,3,Residential,Luxury,2,2,1,1,RCC,10467,767,34.89,27.91,18608,73,13,93,58,29,25,424,72,1781,11788,15367230.72,6196464.0,24785856.0
877,2023,Madurai,3703,2963,1,Residential,Economy,1,1,1,1,RCC,13333,977,44.45,35.56,23704,86,12,118,74,37,32,378,71,1674,9978,10544724.4,4251905.0,17007620.0
878,2025,Trichy,3370,2696,3,Residential,Luxury,1,1,1,1,RCC,12132,889,40.44,32.35,21568,44,8,107,67,33,29,396,62,1540,8241,17811717.12,7182144.0,28728576.0
879,2013,Erode,1212,970,1,Residential,Premium,5,4,1,1,RCC,4365,320,14.55,11.64,7760,63,18,38,24,12,10,400,58,1798,7767,4534556.0,1828450.0,7313800.0
880,2022,Madurai,2512,2010,2,Residential,Premium,5,4,1,1,RCC,9045,663,30.15,24.12,16080,53,14,80,50,25,22,451,71,2412,10624,11673155.4,4706917.5,18827670.0
881,2013,Salem,3408,2727,2,Residential,Luxury,2,2,1,1,RCC,12271,899,40.91,32.72,21816,58,21,109,68,34,30,452,69,1965,8159,19659924.72,7927389.0,31709556.0
882,2026,Madurai,3721,2977,2,Residential,Economy,2,2,1,1,RCC,13396,982,44.66,35.72,23816,70,8,119,74,37,33,379,59,1829,10744,12920180.0,5209750.0,20839000.0
883,2025,Tiruppur,2483,1987,1,Residential,Economy,3,3,1,1,RCC,8941,655,29.8,23.84,15896,36,12,79,49,24,22,466,76,2178,11604,8623580.0,3477250.0,13909000.0
884,2025,Erode,1820,1456,2,Residential,Premium,4,4,1,1,RCC,6552,480,21.84,17.47,11648,86,18,58,36,18,16,434,82,1630,10076,10340657.6,4169620.0,16678480.0
885,2023,Trichy,2931,2345,1,Residential,Luxury,1,1,1,1,RCC,10552,773,35.17,28.14,18760,29,25,93,58,29,26,396,74,1331,11687,18790203.6,7576695.0,30306780.0
886,2023,Trichy,2096,1677,2,Residential,Economy,4,4,1,1,RCC,7546,553,25.15,20.12,13416,40,14,67,41,20,18,469,75,1519,8782,8026792.8,3236610.0,12946440.0
887,2024,Salem,3556,2845,2,Residential,Premium,5,4,1,1,RCC,12802,938,42.67,34.14,22760,87,28,113,71,35,31,390,81,1563,8952,20205474.5,8147368.75,32589475.0
888,2016,Madurai,1211,969,2,Residential,Premium,5,4,1,1,RCC,4360,319,14.54,11.63,7752,88,26,38,24,12,10,442,81,1414,9295,5941113.42,2395610.25,9582441.0
889,2012,Erode,2176,1741,1,Residential,Economy,3,3,1,1,RCC,7834,574,26.11,20.89,13928,53,29,69,43,21,19,409,73,1998,10198,8721713.6,3516820.0,14067280.0
890,2019,Madurai,3287,2630,3,Residential,Premium,2,2,1,1,RCC,11835,867,39.45,31.56,21040,68,12,105,65,32,29,412,64,2565,7496,17827349.8,7188447.5,28753790.0
891,2022,Salem,1935,1548,1,Residential,Premium,5,4,1,1,RCC,6966,510,23.22,18.58,12384,53,16,61,38,19,17,375,74,2515,11101,8238579.84,3322008.0,13288032.0
892,2018,Coimbatore,3288,2631,3,Residential,Economy,2,2,1,1,RCC,11839,868,39.46,31.57,21048,31,25,105,65,32,29,366,68,1737,11929,11712159.6,4722645.0,18890580.0
893,2011,Trichy,2846,2277,3,Residential,Luxury,2,2,1,1,RCC,10246,751,34.16,27.32,18216,34,25,91,56,28,25,449,76,2049,11494,15958308.96,6434802.0,25739208.0
894,2021,Coimbatore,3168,2535,1,Residential,Luxury,5,4,1,1,RCC,11407,836,38.02,30.42,20280,77,27,101,63,31,28,382,58,2476,8304,21331112.4,8601255.0,34405020.0
895,2019,Coimbatore,3110,2488,3,Residential,Luxury,2,2,1,1,RCC,11196,821,37.32,29.86,19904,57,11,99,62,31,27,364,61,1820,9193,17437098.24,7031088.0,28124352.0
896,2012,Madurai,2622,2098,3,Residential,Luxury,2,2,1,1,RCC,9441,692,31.47,25.18,16784,34,28,83,52,26,23,400,69,2571,11382,15968129.76,6438762.0,25755048.0
897,2013,Coimbatore,1768,1415,2,Residential,Luxury,1,1,1,1,RCC,6367,466,21.22,16.98,11320,31,18,56,35,17,15,445,68,1334,9246,12475206.0,5030325.0,20121300.0
898,2023,Erode,1797,1438,3,Residential,Standard,1,1,1,1,RCC,6471,474,21.57,17.26,11504,32,10,57,35,17,15,405,59,2505,10713,7874257.92,3175104.0,12700416.0
899,2019,Salem,2615,2092,3,Residential,Luxury,5,4,1,1,RCC,9414,690,31.38,25.1,16736,69,19,83,52,26,23,403,71,2023,8720,17183185.92,6928704.0,27714816.0
900,2019,Chennai,1423,1139,2,Residential,Luxury,2,2,1,1,RCC,5125,375,17.09,13.67,9112,56,11,45,28,14,12,439,73,2517,8536,8211461.04,3311073.0,13244292.0
901,2019,Madurai,2225,1780,3,Residential,Luxury,2,2,1,1,RCC,8010,587,26.7,21.36,14240,60,20,71,44,22,19,418,81,1612,10770,12832660.8,5174460.0,20697840.0
902,2026,Salem,3508,2807,1,Residential,Standard,4,4,1,1,RCC,12631,926,42.1,33.68,22456,31,14,112,70,35,31,448,78,2252,10261,14242942.56,5743122.0,22972488.0
903,2019,Trichy,3553,2843,3,Residential,Luxury,3,3,1,1,RCC,12793,938,42.64,34.12,22744,31,15,113,71,35,31,423,69,1358,11541,21067312.32,8494884.0,33979536.0
904,2024,Salem,1373,1099,1,Residential,Economy,5,4,1,1,RCC,4945,362,16.48,13.19,8792,38,27,43,27,13,12,401,64,2298,11807,5382902.0,2170525.0,8682100.0
905,2026,Chennai,1450,1160,2,Residential,Premium,1,1,1,1,RCC,5220,382,17.4,13.92,9280,27,15,46,29,14,12,463,64,2117,8302,8050724.8,3246260.0,12985040.0
906,2011,Chennai,1461,1169,1,Residential,Economy,5,4,1,1,RCC,5260,385,17.54,14.03,9352,67,13,46,29,14,12,447,78,1983,8798,4551618.4,1835330.0,7341320.0
907,2024,Madurai,1143,915,1,Residential,Standard,2,2,1,1,RCC,4117,301,13.72,10.98,7320,84,24,36,22,11,10,361,74,1719,9993,4765320.0,1921500.0,7686000.0
908,2015,Salem,1467,1174,1,Residential,Standard,1,1,1,1,RCC,5283,387,17.61,14.09,9392,45,11,46,29,14,13,454,74,1862,7588,6428636.16,2592192.0,10368768.0
909,2020,Tiruppur,1430,1144,1,Residential,Standard,4,4,1,1,RCC,5148,377,17.16,13.73,9152,80,9,45,28,14,12,425,73,1471,10111,4885520.64,1969968.0,7879872.0
910,2016,Trichy,1257,1006,2,Residential,Economy,1,1,1,1,RCC,4527,331,15.09,12.07,8048,42,13,40,25,12,11,399,64,1921,8880,4141500.8,1669960.0,6679840.0
911,2019,Madurai,1431,1145,2,Residential,Economy,5,4,1,1,RCC,5152,377,17.18,13.74,9160,43,21,45,28,14,12,424,66,2420,7388,5097082.0,2055275.0,8221100.0
912,2021,Tiruppur,2515,2012,1,Residential,Economy,2,2,1,1,RCC,9054,663,30.18,24.14,16096,79,11,80,50,25,22,401,75,1778,7870,8507540.8,3430460.0,13721840.0
913,2022,Tiruppur,2925,2340,3,Residential,Luxury,1,1,1,1,RCC,10530,772,35.1,28.08,18720,47,14,93,58,29,26,462,61,2015,7552,13579488.0,5475600.0,21902400.0
914,2023,Coimbatore,2566,2053,3,Residential,Premium,1,1,1,1,RCC,9238,677,30.79,24.64,16424,79,8,82,51,25,22,383,71,2443,11556,13583961.92,5477404.0,21909616.0
915,2019,Erode,2772,2218,3,Residential,Economy,3,3,1,1,RCC,9981,731,33.27,26.62,17744,29,28,88,55,27,24,443,62,2480,9277,7150832.0,2883400.0,11533600.0
916,2012,Madurai,1640,1312,3,Residential,Premium,1,1,1,1,RCC,5904,432,19.68,15.74,10496,60,21,52,32,16,14,422,77,2231,10733,7194876.8,2901160.0,11604640.0
917,2011,Coimbatore,1276,1021,2,Residential,Premium,4,4,1,1,RCC,4594,336,15.31,12.25,8168,29,28,40,25,12,11,414,61,1508,9842,5764280.12,2324306.5,9297226.0
918,2024,Trichy,1813,1451,2,Residential,Luxury,1,1,1,1,RCC,6529,478,21.77,17.41,11608,39,29,58,36,18,16,437,60,2356,7373,9003396.96,3630402.0,14521608.0
919,2013,Coimbatore,1598,1279,3,Residential,Standard,3,3,1,1,RCC,5755,422,19.18,15.35,10232,42,29,51,31,15,14,444,81,1788,10876,7346166.72,2962164.0,11848656.0
920,2014,Madurai,3743,2995,2,Residential,Premium,1,1,1,1,RCC,13477,988,44.92,35.94,23960,34,13,119,74,37,33,444,72,1488,11500,20301487.7,8186083.75,32744335.0
921,2016,Salem,3428,2743,3,Residential,Premium,1,1,1,1,RCC,12343,905,41.14,32.92,21944,38,12,109,68,34,30,440,74,2517,8604,13266848.66,5349535.75,21398143.0
922,2025,Salem,2017,1614,3,Residential,Luxury,5,4,1,1,RCC,7263,532,24.21,19.37,12912,56,18,64,40,20,17,409,59,2407,10916,10987466.4,4430430.0,17721720.0
923,2024,Erode,3688,2951,3,Residential,Economy,4,4,1,1,RCC,13279,973,44.27,35.41,23608,62,20,118,73,36,32,417,73,1307,10463,10502018.8,4234685.0,16938740.0
924,2014,Chennai,1415,1132,2,Residential,Standard,3,3,1,1,RCC,5094,373,16.98,13.58,9056,58,18,45,28,14,12,404,74,2272,11144,5895456.0,2377200.0,9508800.0
925,2025,Coimbatore,1996,1597,2,Residential,Economy,5,4,1,1,RCC,7186,527,23.95,19.16,12776,75,9,63,39,19,17,438,59,1764,10331,5861628.8,2363560.0,9454240.0
926,2010,Madurai,1958,1567,3,Residential,Premium,5,4,1,1,RCC,7051,517,23.5,18.8,12536,34,19,62,39,19,17,413,81,1893,9722,8086127.42,3260535.25,13042141.0
927,2014,Madurai,1481,1185,1,Residential,Premium,4,4,1,1,RCC,5332,391,17.77,14.22,9480,28,19,47,29,14,13,448,76,2144,7995,6498421.5,2620331.25,10481325.0
928,2023,Tiruppur,3707,2966,1,Residential,Luxury,5,4,1,1,RCC,13347,978,44.49,35.59,23728,84,21,118,74,37,32,470,62,2596,11617,23170392.0,9342900.0,37371600.0
929,2014,Tiruppur,1813,1451,3,Residential,Economy,5,4,1,1,RCC,6529,478,21.77,17.41,11608,59,18,58,36,18,16,446,76,1376,10035,5811545.2,2343365.0,9373460.0
930,2014,Coimbatore,2326,1861,2,Residential,Premium,3,3,1,1,RCC,8374,614,27.91,22.33,14888,52,21,74,46,23,20,426,62,1549,8444,12614714.06,5086578.25,20346313.0
931,2012,Salem,2488,1991,1,Residential,Luxury,1,1,1,1,RCC,8959,657,29.86,23.89,15928,67,8,79,49,24,22,459,63,2334,9937,16353596.16,6594192.0,26376768.0
932,2021,Erode,1693,1355,1,Residential,Standard,5,4,1,1,RCC,6097,447,20.32,16.26,10840,87,10,54,33,16,15,432,64,2016,9887,7419763.2,2991840.0,11967360.0
933,2019,Chennai,3493,2795,2,Residential,Premium,3,3,1,1,RCC,12577,922,41.92,33.54,22360,57,27,111,69,34,31,445,61,2414,7082,20302656.4,8186555.0,32746220.0
934,2024,Chennai,3083,2467,3,Residential,Luxury,4,4,1,1,RCC,11101,814,37.0,29.6,19736,36,8,98,61,30,27,403,67,1596,8178,21254487.84,8570358.0,34281432.0
935,2017,Salem,1327,1062,2,Residential,Standard,1,1,1,1,RCC,4779,350,15.93,12.74,8496,52,27,42,26,13,11,366,62,1223,11708,4108665.6,1656720.0,6626880.0
936,2015,Salem,2470,1976,1,Residential,Luxury,3,3,1,1,RCC,8892,652,29.64,23.71,15808,48,17,79,49,24,21,443,69,2096,11126,16230389.76,6544512.0,26178048.0
937,2015,Madurai,2213,1771,2,Residential,Standard,3,3,1,1,RCC,7969,584,26.56,21.25,14168,31,15,70,44,22,19,468,70,2160,11583,7088817.12,2858394.0,11433576.0
938,2012,Madurai,1183,947,2,Residential,Standard,1,1,1,1,RCC,4261,312,14.21,11.36,7576,54,11,37,23,11,10,463,75,2316,8591,4171042.56,1681872.0,6727488.0
939,2020,Coimbatore,3096,2477,3,Residential,Premium,2,2,1,1,RCC,11146,817,37.16,29.72,19816,34,27,99,61,30,27,444,82,1915,10190,11980307.74,4830769.25,19323077.0
940,2015,Salem,3375,2700,2,Residential,Standard,5,4,1,1,RCC,12150,891,40.5,32.4,21600,68,29,108,67,33,30,448,81,2541,10822,13700016.0,5524200.0,22096800.0
941,2012,Madurai,3597,2878,2,Residential,Premium,1,1,1,1,RCC,12951,949,43.17,34.54,23024,88,13,115,71,35,31,413,66,2275,10273,20439843.8,8241872.5,32967490.0
942,2015,Madurai,3455,2764,2,Residential,Economy,4,4,1,1,RCC,12438,912,41.46,33.17,22112,81,23,110,69,34,30,416,72,1262,8858,11995760.0,4837000.0,19348000.0
943,2026,Trichy,1122,898,3,Residential,Luxury,4,4,1,1,RCC,4041,296,13.47,10.78,7184,25,17,35,22,11,9,411,76,2292,10597,6834785.76,2755962.0,11023848.0
944,2018,Trichy,1275,1020,1,Residential,Standard,2,2,1,1,RCC,4590,336,15.3,12.24,8160,73,22,40,25,12,11,468,67,2101,8402,4355971.2,1756440.0,7025760.0
945,2013,Coimbatore,3257,2606,3,Residential,Economy,1,1,1,1,RCC,11727,859,39.09,31.27,20848,26,17,104,65,32,28,360,69,2204,9820,12182528.8,4912310.0,19649240.0
946,2021,Chennai,1517,1214,1,Residential,Economy,5,4,1,1,RCC,5463,400,18.21,14.57,9712,81,20,48,30,15,13,454,82,1403,10930,4997795.2,2015240.0,8060960.0
947,2019,Salem,2366,1893,1,Residential,Premium,2,2,1,1,RCC,8518,624,28.39,22.72,15144,75,28,75,47,23,21,373,59,2527,8045,10993673.22,4432932.75,17731731.0
948,2011,Trichy,1576,1261,1,Residential,Premium,4,4,1,1,RCC,5674,416,18.91,15.13,10088,69,19,50,31,15,14,446,75,2039,10202,7527362.96,3035227.0,12140908.0
949,2015,Salem,2881,2305,2,Residential,Luxury,2,2,1,1,RCC,10372,760,34.57,27.66,18440,89,19,92,57,28,25,426,81,1952,8448,18006660.0,7260750.0,29043000.0
950,2026,Coimbatore,3197,2558,3,Residential,Premium,4,4,1,1,RCC,11511,844,38.37,30.7,20464,73,18,102,63,31,28,385,75,1379,8824,16511429.56,6657834.5,26631338.0
951,2012,Tiruppur,2140,1712,3,Residential,Standard,4,4,1,1,RCC,7704,564,25.68,20.54,13696,30,17,68,42,21,19,415,82,1677,11318,7540469.76,3040512.0,12162048.0
952,2022,Madurai,2640,2112,2,Residential,Economy,5,4,1,1,RCC,9504,696,31.68,25.34,16896,26,21,84,52,26,23,445,79,2090,11903,7044787.2,2840640.0,11362560.0
953,2021,Trichy,3562,2850,2,Residential,Premium,1,1,1,1,RCC,12825,940,42.75,34.2,22800,84,21,114,71,35,31,462,62,1243,10878,16090302.0,6488025.0,25952100.0
954,2022,Salem,3048,2439,2,Residential,Premium,4,4,1,1,RCC,10975,804,36.59,29.27,19512,25,11,97,60,30,27,376,58,2111,10906,14953948.02,6029817.75,24119271.0
955,2013,Erode,3397,2718,3,Residential,Premium,4,4,1,1,RCC,12231,896,40.77,32.62,21744,25,23,108,67,33,30,456,59,2203,9635,12706106.4,5123430.0,20493720.0
956,2017,Salem,3422,2738,1,Residential,Standard,5,4,1,1,RCC,12321,903,41.07,32.86,21904,36,17,109,68,34,30,455,61,2091,9372,13892831.04,5601948.0,22407792.0
957,2025,Tiruppur,2191,1753,1,Residential,Premium,1,1,1,1,RCC,7888,578,26.29,21.04,14024,46,8,70,43,21,19,445,76,1310,10797,10464288.08,4219471.0,16877884.0
958,2021,Madurai,3645,2916,2,Residential,Economy,1,1,1,1,RCC,13122,962,43.74,34.99,23328,88,23,116,72,36,32,436,63,2577,7683,10052035.2,4053240.0,16212960.0
959,2022,Salem,3393,2715,3,Residential,Economy,1,1,1,1,RCC,12217,895,40.73,32.58,21720,84,12,108,67,33,30,466,74,2145,11376,10268130.0,4140375.0,16561500.0
960,2015,Trichy,3193,2555,2,Residential,Economy,2,2,1,1,RCC,11497,843,38.32,30.66,20440,30,24,102,63,31,28,397,81,2491,7917,9663010.0,3896375.0,15585500.0
961,2015,Erode,3580,2864,1,Residential,Standard,3,3,1,1,RCC,12888,945,42.96,34.37,22912,37,30,114,71,35,31,389,71,2097,7952,15682805.76,6323712.0,25294848.0
962,2017,Coimbatore,3390,2712,1,Residential,Premium,2,2,1,1,RCC,12204,894,40.68,32.54,21696,58,11,108,67,33,30,460,76,2098,8971,17066616.0,6881700.0,27526800.0
963,2014,Coimbatore,1975,1580,2,Residential,Standard,1,1,1,1,RCC,7110,521,23.7,18.96,12640,31,11,63,39,19,17,434,78,1366,8146,6535891.2,2635440.0,10541760.0
964,2026,Coimbatore,2366,1893,3,Residential,Economy,4,4,1,1,RCC,8518,624,28.39,22.72,15144,62,26,75,47,23,21,367,72,2563,11193,8638137.6,3483120.0,13932480.0
965,2014,Tiruppur,1560,1248,2,Residential,Luxury,3,3,1,1,RCC,5616,411,18.72,14.98,9984,63,25,49,31,15,13,415,74,1518,11036,7493091.84,3021408.0,12085632.0
966,2023,Coimbatore,1888,1511,2,Residential,Premium,4,4,1,1,RCC,6799,498,22.66,18.13,12088,51,17,60,37,18,16,413,78,1679,9527,9019702.96,3636977.0,14547908.0
967,2017,Madurai,2401,1921,3,Residential,Premium,4,4,1,1,RCC,8644,633,28.81,23.05,15368,72,17,76,48,24,21,380,72,1252,10606,13643134.1,5501263.75,22005055.0
968,2022,Coimbatore,3681,2945,3,Residential,Standard,5,4,1,1,RCC,13252,971,44.17,35.34,23560,33,20,117,73,36,32,412,82,1910,9590,14548771.2,5866440.0,23465760.0
969,2018,Coimbatore,1947,1558,3,Residential,Economy,4,4,1,1,RCC,7011,514,23.37,18.7,12464,44,24,62,38,19,17,413,74,2108,8073,7283338.4,2936830.0,11747320.0
970,2011,Erode,2520,2016,2,Residential,Premium,1,1,1,1,RCC,9072,665,30.24,24.19,16128,67,12,80,50,25,22,440,69,2063,9735,14644062.72,5904864.0,23619456.0
971,2014,Madurai,2951,2361,3,Residential,Luxury,5,4,1,1,RCC,10624,779,35.41,28.33,18888,71,22,94,59,29,26,401,80,1229,10758,16547021.28,6672186.0,26688744.0
972,2012,Trichy,3372,2698,3,Residential,Standard,4,4,1,1,RCC,12141,890,40.47,32.38,21584,41,26,107,67,33,29,451,75,1283,10664,10438022.4,4208880.0,16835520.0
973,2023,Madurai,3601,2881,2,Residential,Standard,3,3,1,1,RCC,12964,950,43.21,34.57,23048,80,19,115,72,36,32,458,64,2145,11235,16161718.56,6516822.0,26067288.0
974,2017,Salem,1121,897,3,Residential,Premium,3,3,1,1,RCC,4036,296,13.46,10.76,7176,83,26,35,22,11,9,444,75,2270,7844,6370583.7,2568783.75,10275135.0
975,2026,Tiruppur,2240,1792,1,Residential,Premium,3,3,1,1,RCC,8064,591,26.88,21.5,14336,29,8,71,44,22,19,467,65,2272,11907,10697093.12,4313344.0,17253376.0
976,2015,Salem,2250,1800,2,Residential,Standard,3,3,1,1,RCC,8100,594,27.0,21.6,14400,33,13,72,45,22,20,389,78,1914,10301,10820736.0,4363200.0,17452800.0
977,2023,Trichy,1451,1161,2,Residential,Standard,3,3,1,1,RCC,5224,383,17.41,13.93,9288,54,28,46,29,14,12,398,65,2564,8960,5113601.28,2061936.0,8247744.0
978,2025,Coimbatore,1710,1368,1,Residential,Standard,5,4,1,1,RCC,6156,451,20.52,16.42,10944,54,14,54,34,17,15,438,70,1412,11549,8223759.36,3316032.0,13264128.0
979,2017,Trichy,2116,1693,3,Residential,Luxury,3,3,1,1,RCC,7618,558,25.39,20.32,13544,69,23,67,42,21,18,384,75,1699,8478,10845087.12,4373019.0,17492076.0
980,2010,Erode,3506,2805,2,Residential,Premium,2,2,1,1,RCC,12622,925,42.07,33.66,22440,27,21,112,70,35,31,438,64,2035,10307,16290149.7,6568608.75,26274435.0
981,2014,Chennai,2323,1859,2,Residential,Luxury,4,4,1,1,RCC,8365,613,27.88,22.31,14872,38,18,74,46,23,20,406,82,1804,10503,13028764.32,5253534.0,21014136.0
982,2012,Salem,2893,2315,2,Residential,Standard,5,4,1,1,RCC,10417,763,34.73,27.78,18520,60,21,92,57,28,25,389,64,1307,8850,10196371.2,4111440.0,16445760.0
983,2010,Coimbatore,1666,1333,2,Residential,Premium,5,4,1,1,RCC,5998,439,20.0,16.0,10664,82,21,53,33,16,14,366,62,2506,8393,7741450.82,3121552.75,12486211.0
984,2011,Coimbatore,1943,1555,3,Residential,Luxury,2,2,1,1,RCC,6997,513,23.32,18.66,12440,42,18,62,38,19,17,449,72,1959,7240,13397133.6,5402070.0,21608280.0
985,2013,Tiruppur,1218,975,2,Residential,Luxury,3,3,1,1,RCC,4387,321,14.62,11.7,7800,78,21,39,24,12,10,442,62,1263,8262,6637410.0,2676375.0,10705500.0
986,2014,Chennai,2770,2216,1,Residential,Standard,2,2,1,1,RCC,9972,731,33.24,26.59,17728,48,30,88,55,27,24,449,75,2093,10455,12727994.88,5132256.0,20529024.0
987,2016,Madurai,3236,2589,2,Residential,Standard,1,1,1,1,RCC,11650,854,38.84,31.07,20712,60,9,103,64,32,28,466,78,2587,8151,12790074.24,5157288.0,20629152.0
988,2026,Chennai,3163,2531,1,Residential,Premium,3,3,1,1,RCC,11389,835,37.96,30.37,20248,90,25,101,63,31,28,453,75,1412,8734,14698883.74,5926969.25,23707877.0
989,2025,Tiruppur,3132,2506,2,Residential,Standard,3,3,1,1,RCC,11277,826,37.59,30.07,20048,67,21,100,62,31,27,460,62,2201,11675,10030816.32,4044684.0,16178736.0
990,2018,Salem,2511,2009,3,Residential,Economy,1,1,1,1,RCC,9040,662,30.13,24.11,16072,56,28,80,50,25,22,452,71,1357,9881,9167468.8,3696560.0,14786240.0
991,2013,Trichy,2130,1704,2,Residential,Economy,5,4,1,1,RCC,7668,562,25.56,20.45,13632,30,11,68,42,21,18,408,71,1502,11475,7205193.6,2905320.0,11621280.0
992,2013,Chennai,3537,2830,3,Residential,Premium,3,3,1,1,RCC,12735,933,42.45,33.96,22640,75,16,113,70,35,31,430,67,2089,8313,19183041.8,7735097.5,30940390.0
993,2010,Trichy,3460,2768,1,Residential,Premium,4,4,1,1,RCC,12456,913,41.52,33.22,22144,79,27,110,69,34,30,429,71,1678,11130,17866941.76,7204412.0,28817648.0
994,2020,Coimbatore,1128,903,2,Residential,Standard,5,4,1,1,RCC,4063,297,13.54,10.84,7224,65,24,36,22,11,10,429,82,1658,10381,4098175.2,1652490.0,6609960.0
995,2015,Tiruppur,1288,1031,2,Residential,Standard,2,2,1,1,RCC,4639,340,15.46,12.37,8248,50,30,41,25,12,11,365,69,2300,9879,5645591.04,2276448.0,9105792.0
996,2021,Madurai,3027,2422,3,Residential,Premium,4,4,1,1,RCC,10899,799,36.33,29.06,19376,87,16,96,60,30,26,420,67,1262,8577,14849717.96,5987789.5,23951158.0
997,2012,Trichy,3263,2611,3,Residential,Premium,1,1,1,1,RCC,11749,861,39.16,31.33,20888,68,25,104,65,32,29,366,78,1202,7925,13473438.86,5432838.25,21731353.0
998,2023,Salem,1233,987,2,Residential,Economy,3,3,1,1,RCC,4441,325,14.8,11.84,7896,33,17,39,24,12,10,469,72,1386,7051,3953132.4,1594005.0,6376020.0
999,2017,Trichy,1291,1033,3,Residential,Premium,4,4,1,1,RCC,4648,340,15.49,12.4,8264,39,16,41,25,12,11,377,82,2462,8750,6667829.06,2688640.75,10754563.0
1000,2020,Salem,3003,2403,2,Residential,Premium,5,4,1,1,RCC,10813,792,36.05,28.84,19224,59,13,96,60,30,26,407,66,2414,9268,16288639.38,6567999.75,26271999.0
